entity,year,population,births,deaths,child_deaths_under_5,percentage_health,gdp
Afghanistan,2002,21378123.0,1015202.0,239161.0,123215,9.443391,1774.3087
Afghanistan,2003,22733053.0,1069727.0,243573.0,123894,8.941258,1815.9282
Afghanistan,2004,23560656.0,1095372.0,244435.0,122315,9.808474,1776.9182
Afghanistan,2005,24404575.0,1097038.0,241932.0,118420,9.948289,1908.1147
Afghanistan,2006,25424100.0,1120880.0,245586.0,116622,10.622766,1929.7239
Afghanistan,2007,25909852.0,1135656.0,245809.0,112800,9.904675,2155.353
Afghanistan,2008,26482631.0,1126525.0,235284.0,106511,10.256495,2191.5044
Afghanistan,2009,27466102.0,1158017.0,237450.0,106480,9.818487,2565.022
Afghanistan,2010,28284088.0,1181113.0,237640.0,104547,8.569672,2848.5862
Afghanistan,2011,29347708.0,1202456.0,235724.0,101679,8.561908,2757.0525
Afghanistan,2012,30560036.0,1243843.0,239042.0,101123,7.8971686,2985.319
Afghanistan,2013,31622709.0,1274030.0,240239.0,99706,8.805964,3046.5798
Afghanistan,2014,32792528.0,1300107.0,246289.0,99854,9.528878,3017.9426
Afghanistan,2015,33831767.0,1331758.0,254689.0,100282,10.105348,2967.6921
Afghanistan,2016,34700613.0,1344010.0,254007.0,97785,11.81859,2958.7854
Afghanistan,2017,35688941.0,1362270.0,261084.0,90851,12.620817,2952.999
Afghanistan,2018,36743040.0,1382424.0,267164.0,89077,14.208419,2902.392
Afghanistan,2019,37856125.0,1405919.0,267421.0,88750,14.83132,2927.245
Afghanistan,2020,39068977.0,1429983.0,295555.0,88718,15.533614,2769.6858
Afghanistan,2021,40000410.0,1453685.0,320101.0,88173,21.508444,2144.1665
Afghanistan,2022,40578847.0,1462654.0,243197.0,83784,23.08817,1981.7102
Albania,2000,3166147.0,55449.0,17793.0,1508,5.8742967,6581.9893
Albania,2001,3147943.0,52243.0,17710.0,1358,5.8561573,7232.9604
Albania,2002,3134095.0,48844.0,17835.0,1207,5.5980268,7590.4585
Albania,2003,3118093.0,48693.0,18013.0,1115,5.84189,8025.248
Albania,2004,3098662.0,45549.0,17924.0,980,5.8243394,8483.259
Albania,2005,3076156.0,42642.0,17729.0,859,5.6621623,8964.281
Albania,2006,3050805.0,39589.0,17433.0,742,5.5655375,9563.989
Albania,2007,3022887.0,37603.0,16958.0,653,5.8563986,10262.924
Albania,2008,2992933.0,36542.0,16707.0,582,5.4442167,11056.306
Albania,2009,2961487.0,36502.0,16943.0,531,5.7575192,11430.574
Albania,2010,2928731.0,36236.0,17734.0,483,6.163332,11829.004
Albania,2011,2911499.0,36120.0,18518.0,446,6.110262,12153.063
Albania,2012,2910003.0,37445.0,19584.0,430,6.0850472,12463.519
Albania,2013,2907571.0,38198.0,20412.0,413,6.2089744,12873.43
Albania,2014,2903748.0,37956.0,21010.0,395,6.3588414,13366.504
Albania,2015,2898634.0,36033.0,21000.0,365,6.3881016,13876.762
Albania,2016,2897868.0,34407.0,21126.0,342,6.650188,14643.429
Albania,2017,2898245.0,33086.0,21372.0,323,6.501119,15359.397
Albania,2018,2894229.0,31542.0,21344.0,307,6.5900245,16170.924
Albania,2019,2885011.0,31033.0,21559.0,301,6.7814407,16761.123
Albania,2020,2871950.0,30258.0,26072.0,290,7.4651375,16457.719
Albania,2021,2849641.0,29955.0,29245.0,284,7.357504,18212.795
Albania,2022,2827614.0,29139.0,24626.0,292,7.5364623,19388.793
Algeria,2000,30903894.0,604906.0,157897.0,25280,3.2148545,11558.221
Algeria,2001,31331226.0,607972.0,157331.0,24765,3.5362859,11742.595
Algeria,2002,31750832.0,606306.0,154929.0,23339,3.4416964,12213.126
Algeria,2003,32175813.0,631106.0,156843.0,23305,3.3256936,12835.182
Algeria,2004,32628286.0,663545.0,154796.0,22972,3.2903051,13226.765
Algeria,2005,33109258.0,699801.0,156629.0,23105,3.1188612,13738.496
Algeria,2006,33623505.0,739665.0,158850.0,23346,3.1899989,13920.694
Algeria,2007,34189420.0,782007.0,161813.0,23735,3.6201143,14114.675
Algeria,2008,34816963.0,826387.0,164346.0,24143,3.9833102,14206.776
Algeria,2009,35490442.0,858476.0,167001.0,24301,4.892108,14104.428
Algeria,2010,36188237.0,888644.0,169289.0,24433,4.640014,14496.421
Algeria,2011,36903374.0,913717.0,171899.0,24551,4.825675,14641.964
Algeria,2012,37646165.0,965845.0,175212.0,25245,5.636585,14697.54
Algeria,2013,38414176.0,980492.0,178301.0,25272,5.6454177,14778.191
Algeria,2014,39205035.0,1021803.0,182163.0,25780,6.014841,15073.763
Algeria,2015,40019528.0,1032935.0,185878.0,25777,6.334357,15239.518
Algeria,2016,40850719.0,1039209.0,189812.0,25593,6.0008087,15511.686
Algeria,2017,41689302.0,1042868.0,194263.0,25299,5.948454,15427.664
Algeria,2018,42505033.0,1022803.0,198389.0,24505,5.9323926,15343.426
Algeria,2019,43294551.0,1012181.0,202652.0,23759,5.417321,15199.199
Algeria,2020,44042094.0,987851.0,263726.0,22755,5.6383076,14194.155
Algeria,2021,44761099.0,957511.0,222033.0,21608,5.0218887,14496.865
Algeria,2022,45477391.0,931867.0,209276.0,20523,3.6346428,14782.2
Andorra,2000,65703.0,758.0,405.0,5,5.933423,54809.145
Andorra,2001,65874.0,751.0,412.0,5,5.8640223,59109.016
Andorra,2002,66528.0,713.0,424.0,4,5.9962115,61188.637
Andorra,2003,69507.0,663.0,440.0,4,5.542936,63656.195
Andorra,2004,74342.0,762.0,462.0,5,5.2798915,64353.484
Andorra,2005,77436.0,813.0,469.0,5,5.5829625,65114.805
Andorra,2006,79609.0,835.0,464.0,5,4.950782,66390.3
Andorra,2007,81901.0,822.0,474.0,4,4.9407873,65534.117
Andorra,2008,83513.0,873.0,484.0,5,5.678714,60691.605
Andorra,2009,83907.0,847.0,501.0,4,6.0936303,57203.973
Andorra,2010,80727.0,867.0,502.0,4,7.6883526,58285.06
Andorra,2011,77801.0,814.0,461.0,4,7.6205277,60470.465
Andorra,2012,76858.0,782.0,458.0,4,6.719663,58172.133
Andorra,2013,75220.0,679.0,440.0,3,6.7975836,57332.16
Andorra,2014,73755.0,662.0,423.0,3,6.773131,59929.246
Andorra,2015,72195.0,659.0,406.0,3,6.9136853,62105.152
Andorra,2016,72197.0,609.0,387.0,3,6.9416294,64402.81
Andorra,2017,73780.0,578.0,398.0,3,7.0715823,63239.656
Andorra,2018,75181.0,538.0,409.0,3,7.377811,63048.598
Andorra,2019,76492.0,535.0,419.0,3,7.3223863,63215.9
Andorra,2020,77397.0,529.0,639.0,3,8.78462,55488.492
Andorra,2021,78379.0,535.0,541.0,3,8.646717,59332.203
Andorra,2022,79722.0,546.0,468.0,3,7.521358,63913.383
Angola,2000,16194873.0,758786.0,292798.0,151820,1.6852528,6794.5303
Angola,2001,16747204.0,783280.0,294847.0,149715,3.9588265,6846.7925
Angola,2002,17327701.0,808608.0,295803.0,151157,2.9398222,7521.736
Angola,2003,17943718.0,835292.0,279186.0,145036,3.1068034,7516.814
Angola,2004,18600426.0,864172.0,278230.0,143134,3.4608405,8079.5264
Angola,2005,19291160.0,893986.0,276048.0,140566,2.5472658,8892.921
Angola,2006,20015281.0,923158.0,275345.0,138137,2.3983343,9586.176
Angola,2007,20778570.0,952444.0,269704.0,133633,2.6579084,10434.709
Angola,2008,21578656.0,981972.0,265457.0,129335,2.978076,11131.631
Angola,2009,22414775.0,1012585.0,262303.0,124995,3.306559,10930.253
Angola,2010,23294822.0,1040378.0,258053.0,120632,2.3637385,11074.072
Angola,2011,24218358.0,1068908.0,255396.0,116452,2.355619,11034.592
Angola,2012,25177398.0,1097985.0,252859.0,112262,2.136773,11516.813
Angola,2013,26165616.0,1126819.0,250613.0,108498,2.429772,11622.979
Angola,2014,27160767.0,1154406.0,249319.0,105268,2.1568003,11718.429
Angola,2015,28157802.0,1178313.0,248044.0,102388,2.2996688,11389.761
Angola,2016,29183072.0,1201836.0,247352.0,99655,2.3906872,10963.997
Angola,2017,30234836.0,1227383.0,247681.0,97246,2.4379425,10565.168
Angola,2018,31297160.0,1253674.0,248109.0,95339,2.2988749,10154.839
Angola,2019,32375633.0,1280086.0,249320.0,93652,2.2039428,9712.9795
Angola,2020,33451139.0,1308853.0,255168.0,92110,2.816889,8904.949
Angola,2021,34532427.0,1335364.0,263101.0,90760,2.739871,8720.1875
Angola,2022,35635028.0,1357751.0,252903.0,89116,2.6004105,8750.993
Antigua and Barbuda,2000,74929.0,1477.0,464.0,21,4.3239274,25547.611
Antigua and Barbuda,2001,76082.0,1367.0,464.0,21,4.958803,24014.775
Antigua and Barbuda,2002,77049.0,1318.0,473.0,19,4.7951226,23958.164
Antigua and Barbuda,2003,77896.0,1281.0,489.0,18,5.040732,25136.002
Antigua and Barbuda,2004,78734.0,1255.0,498.0,18,4.5848846,26303.617
Antigua and Barbuda,2005,79628.0,1243.0,500.0,17,4.462602,27692.635
Antigua and Barbuda,2006,80619.0,1246.0,501.0,17,4.1122055,30827.342
Antigua and Barbuda,2007,81716.0,1274.0,498.0,16,3.9235466,33245.27
Antigua and Barbuda,2008,82926.0,1409.0,495.0,17,3.693961,32756.307
Antigua and Barbuda,2009,84193.0,1395.0,491.0,17,3.6997914,28405.69
Antigua and Barbuda,2010,85337.0,1251.0,487.0,15,4.7577004,25826.61
Antigua and Barbuda,2011,86350.0,1231.0,489.0,15,4.810006,25023.918
Antigua and Barbuda,2012,87275.0,1174.0,490.0,15,4.8175454,25592.906
Antigua and Barbuda,2013,88074.0,1095.0,505.0,14,4.9103117,25206.846
Antigua and Barbuda,2014,88784.0,1093.0,529.0,13,5.322183,25557.525
Antigua and Barbuda,2015,89421.0,1125.0,543.0,12,4.909631,25734.152
Antigua and Barbuda,2016,89980.0,1049.0,551.0,11,4.9397955,26627.715
Antigua and Barbuda,2017,90483.0,1067.0,562.0,11,4.66319,27199.195
Antigua and Barbuda,2018,90942.0,984.0,569.0,10,4.6865654,28878.607
Antigua and Barbuda,2019,91377.0,1051.0,587.0,11,4.2770996,29651.863
Antigua and Barbuda,2020,91864.0,1119.0,608.0,11,5.68408,23930.672
Antigua and Barbuda,2021,92358.0,1121.0,627.0,11,4.813154,25745.496
Antigua and Barbuda,2022,92850.0,1114.0,627.0,11,4.431468,27785.557
Argentina,2000,37213986.0,719276.0,281698.0,15419,8.220011,22281.38
Argentina,2001,37624817.0,712599.0,282041.0,14743,8.269663,21066.459
Argentina,2002,38029345.0,711232.0,286385.0,14168,7.332031,18571.701
Argentina,2003,38424283.0,707388.0,297255.0,13606,6.9267,20005.139
Argentina,2004,38815915.0,710123.0,292159.0,13144,7.0947704,21591.45
Argentina,2005,39216786.0,717902.0,289666.0,12781,7.7339244,23262.408
Argentina,2006,39622113.0,719581.0,294993.0,12421,7.709404,24877.25
Argentina,2007,40016767.0,718989.0,316077.0,12019,7.861966,26850.664
Argentina,2008,40424151.0,746330.0,303862.0,11966,8.240878,27658.484
Argentina,2009,40854832.0,744841.0,305535.0,11631,9.568529,25747.197
Argentina,2010,41288694.0,756144.0,314838.0,11396,9.485244,28056.258
Argentina,2011,41730655.0,758343.0,309603.0,11064,9.510424,29425.76
Argentina,2012,42161718.0,736973.0,325443.0,10553,9.885188,28825.967
Argentina,2013,42582453.0,752967.0,331275.0,10363,9.920915,29227.66
Argentina,2014,43024071.0,775263.0,324792.0,10266,9.79773,28200.814
Argentina,2015,43477011.0,768023.0,323877.0,9888,10.273642,28669.207
Argentina,2016,43900312.0,737028.0,345259.0,9310,10.0535555,27802.105
Argentina,2017,44288898.0,715490.0,340236.0,8818,10.260579,28334.904
Argentina,2018,44654876.0,684660.0,338605.0,8246,10.172893,27367.115
Argentina,2019,44973469.0,625199.0,345233.0,7433,10.119113,26629.553
Argentina,2020,45191960.0,533228.0,381888.0,6322,10.672463,23877.094
Argentina,2021,45312282.0,529339.0,440648.0,5933,11.009102,26300.273
Argentina,2022,45407904.0,496115.0,399469.0,5439,10.159505,27825.027
Armenia,2000,3125630.0,36509.0,25625.0,1148,4.1958117,4589.0083
Armenia,2001,3084350.0,36183.0,25533.0,1073,4.645639,5044.1167
Armenia,2002,3055636.0,36623.0,25613.0,1014,7.613588,5731.3535
Armenia,2003,3038976.0,39015.0,25941.0,1015,7.179362,6569.2603
Armenia,2004,3022544.0,40115.0,26319.0,997,6.0551014,7299.4
Armenia,2005,3006360.0,40615.0,26749.0,962,5.8618803,8362.9
Armenia,2006,2990371.0,41224.0,27193.0,930,5.850071,9525.231
Armenia,2007,2974825.0,42358.0,27611.0,908,5.4981403,10898.849
Armenia,2008,2959996.0,43279.0,27974.0,882,6.639766,11727.482
Armenia,2009,2945518.0,44096.0,28251.0,856,8.443777,10143.235
Armenia,2010,2931083.0,44082.0,28433.0,815,9.235383,10438.564
Armenia,2011,2923269.0,44589.0,28552.0,784,9.375889,10990.177
Armenia,2012,2922529.0,45208.0,28642.0,757,9.13455,11796.274
Armenia,2013,2922526.0,45139.0,28674.0,721,10.32345,12194.019
Armenia,2014,2922433.0,44017.0,28676.0,675,10.178279,12667.376
Armenia,2015,2921179.0,41785.0,28646.0,615,10.117627,13112.76
Armenia,2016,2918796.0,40595.0,28585.0,567,9.951949,13192.994
Armenia,2017,2914966.0,37703.0,28497.0,508,10.362703,14243.875
Armenia,2018,2909971.0,36526.0,28431.0,465,10.005434,15037.045
Armenia,2019,2903975.0,35809.0,28432.0,433,11.379801,16215.36
Armenia,2020,2890893.0,34929.0,41088.0,402,12.240562,15052.936
Armenia,2021,2870339.0,35635.0,38072.0,386,12.322685,15921.705
Armenia,2022,2880880.0,34510.0,29563.0,356,9.962112,17886.178
Australia,2000,19132472.0,249532.0,129228.0,1551,7.5886908,45099.074
Australia,2001,19365438.0,246155.0,129266.0,1527,7.6739173,45428.2
Australia,2002,19595356.0,250488.0,133937.0,1517,7.87221,46688.395
Australia,2003,19819449.0,251074.0,132706.0,1485,7.876595,47581.23
Australia,2004,20046679.0,254798.0,133214.0,1461,8.082577,49061.277
Australia,2005,20294490.0,265050.0,132447.0,1582,7.9648633,49997.066
Australia,2006,20590566.0,271597.0,135419.0,1518,7.971611,50693.727
Australia,2007,20954545.0,290455.0,140516.0,1460,8.051715,51663.242
Australia,2008,21370595.0,299959.0,143452.0,1491,8.247375,52473.383
Australia,2009,21783014.0,299304.0,142352.0,1464,8.54274,52407.91
Australia,2010,22141583.0,301517.0,143711.0,1451,8.419331,52739.27
Australia,2011,22479779.0,301733.0,147557.0,1347,8.534253,53257.047
Australia,2012,22852648.0,308329.0,150207.0,1232,8.670207,54403.883
Australia,2013,23236271.0,306983.0,149460.0,1333,8.74656,54895.004
Australia,2014,23595599.0,300278.0,155139.0,1203,9.828339,55489.07
Australia,2015,23947997.0,305482.0,158346.0,1155,10.13642,55879.996
Australia,2016,24329963.0,309657.0,159874.0,1151,10.089582,56529.953
Australia,2017,24731044.0,308126.0,165431.0,1223,10.108806,56881.855
Australia,2018,25119700.0,313988.0,160788.0,1151,10.089075,57647.844
Australia,2019,25482714.0,305307.0,166044.0,1159,10.254214,58048.617
Australia,2020,25743787.0,295156.0,163849.0,1071,10.703241,57260.465
Australia,2021,25956417.0,304162.0,171436.0,1172,10.516122,58327.414
Austria,2000,8012929.0,78059.0,77148.0,450,9.389345,53534.266
Austria,2001,8042233.0,75153.0,74939.0,436,9.4524355,54032.074
Austria,2002,8081640.0,77654.0,76441.0,386,9.591399,54565.0
Austria,2003,8122604.0,76261.0,77417.0,429,9.698442,54919.71
Austria,2004,8173496.0,78196.0,74621.0,405,9.815324,55980.152
Austria,2005,8229204.0,77610.0,75442.0,391,9.717797,56890.2
Austria,2006,8269901.0,77359.0,74605.0,349,9.640739,58460.156
Austria,2007,8296948.0,75671.0,74720.0,332,9.604826,60470.824
Austria,2008,8323250.0,77099.0,75482.0,349,9.834152,61157.902
Austria,2009,8345073.0,75974.0,77593.0,354,10.311529,58810.36
Austria,2010,8365087.0,78318.0,77427.0,371,10.3162,59730.47
Austria,2011,8393272.0,77732.0,76722.0,334,10.137018,61272.17
Austria,2012,8431599.0,78433.0,79681.0,300,10.301981,61376.633
Austria,2013,8481411.0,78762.0,79643.0,300,10.405748,60862.97
Austria,2014,8547812.0,81001.0,78406.0,299,10.511591,60845.574
Austria,2015,8644037.0,83579.0,83286.0,305,10.516884,60951.605
Austria,2016,8737920.0,87159.0,80858.0,325,10.517138,61572.625
Austria,2017,8798779.0,87349.0,83385.0,314,10.571328,62535.812
Austria,2018,8841653.0,85407.0,84396.0,273,10.515716,63777.938
Austria,2019,8880876.0,84741.0,83683.0,318,10.625304,64609.285
Austria,2020,8921402.0,83467.0,84153.0,314,11.41293,60276.332
Austria,2021,8967053.0,85345.0,85122.0,285,12.185215,62968.855
Austria,2022,9064678.0,82088.0,96596.0,317,11.225198,65694.46
Azerbaijan,2000,8174784.0,124478.0,60664.0,9439,2.9489172,5656.9297
Azerbaijan,2001,8251776.0,117728.0,59763.0,8453,2.774194,6168.9854
Azerbaijan,2002,8326141.0,118344.0,58903.0,7773,2.730973,6701.0815
Azerbaijan,2003,8400528.0,121350.0,60225.0,7336,2.7269921,7329.4062
Azerbaijan,2004,8489874.0,152824.0,61912.0,8025,2.6594424,7937.8594
Azerbaijan,2005,8597248.0,157436.0,63516.0,7992,2.22961,10054.101
Azerbaijan,2006,8711380.0,163981.0,62967.0,7862,2.0705914,13371.658
Azerbaijan,2007,8828313.0,163293.0,64461.0,7464,1.9942226,16587.365
Azerbaijan,2008,8942637.0,161318.0,63653.0,6979,2.0481446,17963.021
Azerbaijan,2009,9046336.0,157210.0,63412.0,6423,2.7654135,19242.39
Azerbaijan,2010,9146852.0,168827.0,63866.0,6285,2.6463485,19925.39
Azerbaijan,2011,9256156.0,175634.0,65063.0,6118,2.5954719,19358.078
Azerbaijan,2012,9376179.0,191217.0,65391.0,6140,3.1568215,19523.373
Azerbaijan,2013,9504417.0,191774.0,65420.0,5841,3.2255108,20398.646
Azerbaijan,2014,9631136.0,188927.0,65188.0,5430,3.5870304,20709.201
Azerbaijan,2015,9752859.0,182766.0,65234.0,4939,4.341314,20678.754
Azerbaijan,2016,9868434.0,173748.0,65872.0,4462,4.4224195,19822.41
Azerbaijan,2017,9968510.0,166136.0,67200.0,3996,4.073965,19659.004
Azerbaijan,2018,10039782.0,159805.0,67313.0,3595,3.8366134,19781.852
Azerbaijan,2019,10110483.0,153355.0,67285.0,3190,4.1818876,20101.492
Azerbaijan,2020,10181736.0,142992.0,87997.0,2892,5.848177,19126.098
Azerbaijan,2021,10234372.0,135569.0,87423.0,2618,4.685267,20111.375
Azerbaijan,2022,10295307.0,129419.0,65873.0,2394,3.415496,21051.244
Bahamas,2000,323846.0,5587.0,2100.0,93,3.8048704,34597.164
Bahamas,2001,327847.0,5503.0,2125.0,91,3.924409,35072.367
Bahamas,2002,331625.0,5405.0,2153.0,90,3.8125193,35610.68
Bahamas,2003,335625.0,5378.0,2196.0,90,4.0199857,34740.76
Bahamas,2004,339794.0,5425.0,2259.0,92,4.046282,34617.805
Bahamas,2005,343905.0,5532.0,2312.0,92,4.031965,35365.465
Bahamas,2006,348386.0,5584.0,2378.0,91,4.3093576,35789.133
Bahamas,2007,353343.0,5698.0,2449.0,92,4.495987,35797.117
Bahamas,2008,358133.0,5670.0,2537.0,91,4.8626165,34498.035
Bahamas,2009,362806.0,5775.0,2610.0,90,5.1500144,32630.264
Bahamas,2010,367482.0,5352.0,2697.0,84,5.2559423,32711.459
Bahamas,2011,371738.0,5306.0,2742.0,81,5.3239856,32535.662
Bahamas,2012,375474.0,5285.0,2799.0,79,5.319092,33667.555
Bahamas,2013,378957.0,5268.0,2835.0,77,5.684112,32402.916
Bahamas,2014,382312.0,5162.0,2907.0,74,5.64134,32712.635
Bahamas,2015,385355.0,4858.0,3021.0,76,5.244627,32777.586
Bahamas,2016,388060.0,4650.0,3079.0,66,5.6551533,32172.336
Bahamas,2017,390496.0,4460.0,3170.0,63,6.6036396,33050.035
Bahamas,2018,392718.0,4423.0,3249.0,61,5.8389034,33650.215
Bahamas,2019,394684.0,4418.0,3676.0,109,5.7048416,33202.49
Bahamas,2020,395874.0,4400.0,3777.0,59,7.3983264,26452.695
Bahamas,2021,396381.0,4369.0,4467.0,58,6.785372,31064.682
Bahamas,2022,397542.0,4350.0,3400.0,56,7.042875,34342.93
Bahrain,2000,669589.0,13680.0,1766.0,175,3.2002056,57968.996
Bahrain,2001,699964.0,13356.0,1770.0,164,3.343475,57280.7
Bahrain,2002,752205.0,14402.0,1829.0,166,3.528971,55096.656
Bahrain,2003,811276.0,15976.0,1923.0,176,3.7281091,54431.875
Bahrain,2004,871446.0,17307.0,2018.0,183,3.3549929,54045.094
Bahrain,2005,932618.0,18050.0,2109.0,184,3.1259441,53478.266
Bahrain,2006,994626.0,17981.0,2197.0,180,2.981382,52691.934
Bahrain,2007,1057419.0,17936.0,2276.0,175,3.1607106,52731.793
Bahrain,2008,1120718.0,18140.0,2357.0,171,3.0732121,52765.39
Bahrain,2009,1183616.0,18301.0,2432.0,166,4.1505423,50665.75
Bahrain,2010,1213248.0,18788.0,2516.0,163,3.9225948,50704.848
Bahrain,2011,1206733.0,18633.0,2487.0,158,3.7181015,53132.33
Bahrain,2012,1216307.0,18778.0,2460.0,153,3.9506114,54516.84
Bahrain,2013,1257206.0,19594.0,2491.0,154,4.144911,55376.402
Bahrain,2014,1312857.0,20513.0,2714.0,159,4.236905,55065.82
Bahrain,2015,1369656.0,21038.0,2851.0,161,4.7512636,54149.914
Bahrain,2016,1429609.0,20905.0,2838.0,157,4.6236086,54107.074
Bahrain,2017,1482003.0,20853.0,2943.0,153,4.302367,53859.773
Bahrain,2018,1497634.0,20429.0,3045.0,149,3.9432495,54893.074
Bahrain,2019,1485675.0,19786.0,3124.0,140,3.7843099,56749.96
Bahrain,2020,1483081.0,19002.0,3830.0,177,4.556857,53814.246
Bahrain,2021,1501762.0,19586.0,4212.0,130,4.3277144,54954.676
Bahrain,2022,1533460.0,20367.0,3209.0,130,3.8909836,57572.996
Bangladesh,2000,134544303.0,3980972.0,1113445.0,338808,1.8050451,2712.935
Bangladesh,2001,136805810.0,3991130.0,1085482.0,321862,1.7720186,2803.5547
Bangladesh,2002,138933659.0,3963262.0,1055570.0,303250,1.9341711,2866.4346
Bangladesh,2003,140970355.0,3911233.0,1029294.0,284022,1.961522,2958.915
Bangladesh,2004,142902857.0,3857568.0,1007927.0,265692,1.9985431,3071.838
Bangladesh,2005,144715789.0,3770632.0,987574.0,246411,2.0587392,3231.6138
Bangladesh,2006,146405983.0,3697001.0,971276.0,228878,2.1064658,3407.4272
Bangladesh,2007,147989282.0,3629568.0,963370.0,214805,2.172685,3608.9155
Bangladesh,2008,149474264.0,3540223.0,944575.0,197244,2.1187885,3787.9382
Bangladesh,2009,150873716.0,3444271.0,932491.0,182364,2.183217,3942.1362
Bangladesh,2010,152201978.0,3329284.0,920705.0,167732,2.2880766,4125.464
Bangladesh,2011,153591074.0,3242917.0,910734.0,154904,2.3641813,4352.4263
Bangladesh,2012,155070110.0,3211309.0,906650.0,145057,2.353788,4592.0483
Bangladesh,2013,156532134.0,3216675.0,904443.0,137400,2.2957447,4822.726
Bangladesh,2014,157964931.0,3206405.0,900891.0,130192,2.2791517,5068.6396
Bangladesh,2015,159383179.0,3228108.0,898665.0,124473,2.272177,5352.7114
Bangladesh,2016,160811934.0,3252648.0,896598.0,119477,2.3893821,5682.5356
Bangladesh,2017,162186146.0,3242306.0,893985.0,114063,2.3672018,6005.707
Bangladesh,2018,163523109.0,3281709.0,889861.0,110188,2.3162224,6392.5933
Bangladesh,2019,164913060.0,3319802.0,885868.0,106828,2.1271265,6838.326
Bangladesh,2020,166298024.0,3374090.0,1018772.0,104931,2.1825492,7015.1978
Bangladesh,2021,167658855.0,3422642.0,1059068.0,102054,2.2667873,7441.0693
Bangladesh,2022,169384891.0,3486416.0,853187.0,99644,2.215449,7888.164
Barbados,2000,262071.0,3969.0,2393.0,58,4.9261255,21315.768
Barbados,2001,262429.0,3950.0,2371.0,59,5.10419,20782.844
Barbados,2002,264155.0,3756.0,2386.0,58,5.4133863,20809.857
Barbados,2003,265789.0,3733.0,2413.0,58,6.173127,21132.328
Barbados,2004,267297.0,3601.0,2400.0,57,6.71095,21308.605
Barbados,2005,268717.0,3470.0,2451.0,55,6.143264,22035.387
Barbados,2006,270011.0,3389.0,2463.0,52,5.9046807,23260.865
Barbados,2007,271298.0,3486.0,2457.0,53,5.368631,23631.943
Barbados,2008,272719.0,3479.0,2496.0,52,5.7382197,23657.291
Barbados,2009,274137.0,3497.0,2500.0,51,6.3013735,22354.84
Barbados,2010,275251.0,3514.0,2533.0,51,5.970295,20464.795
Barbados,2011,276150.0,3441.0,2546.0,49,6.059103,20383.254
Barbados,2012,276949.0,3366.0,2557.0,47,6.852188,19743.578
Barbados,2013,277669.0,3340.0,2567.0,46,6.482743,19730.348
Barbados,2014,278355.0,3314.0,2583.0,45,6.097323,19840.83
Barbados,2015,278999.0,3292.0,2598.0,44,6.0917063,19642.232
Barbados,2016,279604.0,3273.0,2615.0,43,6.194795,19877.111
Barbados,2017,280177.0,3258.0,2641.0,41,6.0020504,19966.32
Barbados,2018,280719.0,3239.0,2655.0,40,5.83038,19877.676
Barbados,2019,281216.0,3219.0,2677.0,39,5.674768,19890.455
Barbados,2020,281706.0,3193.0,2696.0,37,6.727289,16399.701
Barbados,2021,282157.0,3184.0,2776.0,36,7.442776,17686.746
Barbados,2022,282324.0,3176.0,3137.0,35,5.874467,20494.535
Belarus,2000,9991310.0,90546.0,140616.0,1134,5.2808805,11182.455
Belarus,2001,9938068.0,88659.0,142424.0,1047,5.7064805,11771.087
Belarus,2002,9873451.0,86166.0,145224.0,955,5.624042,12443.933
Belarus,2003,9803175.0,85838.0,144590.0,879,5.771032,13413.927
Belarus,2004,9735089.0,86423.0,142625.0,815,5.7365065,15052.118
Belarus,2005,9667833.0,88443.0,140877.0,762,6.070363,16579.873
Belarus,2006,9608041.0,94726.0,138148.0,739,5.573663,18349.871
Belarus,2007,9563135.0,101207.0,135276.0,719,5.6917243,20019.611
Belarus,2008,9529357.0,105086.0,134062.0,690,5.294489,22137.947
Belarus,2009,9507334.0,107158.0,135341.0,653,5.39065,22236.838
Belarus,2010,9490752.0,106778.0,135662.0,609,5.6569433,24012.613
Belarus,2011,9472738.0,109637.0,132755.0,577,4.8745275,25404.756
Belarus,2012,9463075.0,115932.0,128717.0,564,5.2453895,25879.133
Belarus,2013,9464454.0,118179.0,124090.0,539,5.695631,26147.625
Belarus,2014,9472704.0,118739.0,121844.0,511,5.387922,26564.436
Belarus,2015,9487289.0,119028.0,119819.0,482,6.0652804,25513.213
Belarus,2016,9499066.0,117118.0,119138.0,450,5.9105415,24846.83
Belarus,2017,9495793.0,102953.0,119098.0,387,5.7597485,25503.98
Belarus,2018,9480031.0,94468.0,121807.0,336,5.5269947,26363.463
Belarus,2019,9435415.0,87652.0,124188.0,293,5.861338,26798.82
Belarus,2020,9350943.0,83089.0,147593.0,259,6.406072,26731.496
Belarus,2021,9251368.0,79787.0,146534.0,230,6.5655,27611.18
Belarus,2022,9173240.0,73954.0,121505.0,199,6.5778413,26537.508
Belgium,2000,10251719.0,115875.0,105242.0,699,7.999176,50455.734
Belgium,2001,10287005.0,114774.0,103716.0,662,8.149889,50835.4
Belgium,2002,10332975.0,112478.0,105936.0,619,8.318211,51471.85
Belgium,2003,10376262.0,113291.0,107134.0,589,9.189253,51788.844
Belgium,2004,10421298.0,116438.0,102143.0,543,9.354969,53406.69
Belgium,2005,10478883.0,118499.0,103324.0,562,9.250183,54346.895
Belgium,2006,10548445.0,121383.0,101605.0,600,9.1325655,55367.62
Belgium,2007,10625488.0,123022.0,102193.0,607,9.139289,56983.46
Belgium,2008,10709711.0,125935.0,104709.0,570,9.600367,56787.74
Belgium,2009,10812936.0,126154.0,104558.0,554,10.543934,55258.707
Belgium,2010,10936619.0,128632.0,105251.0,570,10.413252,56240.203
Belgium,2011,11038624.0,127165.0,104229.0,538,10.413022,56585.3
Belgium,2012,11107522.0,126462.0,109091.0,583,10.5865345,56356.824
Belgium,2013,11160277.0,124540.0,109461.0,540,10.637876,56263.176
Belgium,2014,11210113.0,123865.0,104797.0,505,10.620326,57002.91
Belgium,2015,11275332.0,121172.0,110823.0,480,10.883873,57509.023
Belgium,2016,11332707.0,120896.0,108141.0,460,10.898337,57901.496
Belgium,2017,11376583.0,118711.0,109773.0,507,10.940427,58529.332
Belgium,2018,11428608.0,117308.0,110783.0,517,10.993797,59357.69
Belgium,2019,11490623.0,117399.0,108979.0,489,10.8583145,60479.977
Belgium,2020,11540102.0,115567.0,127253.0,425,11.46253,57333.543
Belgium,2021,11570843.0,117668.0,112309.0,437,11.288251,60669.215
Belgium,2022,11641814.0,113797.0,119831.0,496,10.739763,62602.926
Belize,2000,240809.0,7275.0,1340.0,181,2.9386678,11363.687
Belize,2001,248393.0,7305.0,1385.0,182,3.4538474,11567.026
Belize,2002,256019.0,7345.0,1377.0,168,3.5550623,11828.187
Belize,2003,263794.0,7365.0,1396.0,163,3.529215,12589.268
Belize,2004,271695.0,7410.0,1413.0,160,3.4182556,12807.166
Belize,2005,279747.0,7475.0,1440.0,158,3.437295,12714.97
Belize,2006,287889.0,7347.0,1471.0,153,3.5488353,12912.53
Belize,2007,296117.0,7239.0,1508.0,147,4.0534506,12973.207
Belize,2008,304373.0,7208.0,1561.0,146,4.5128646,12415.681
Belize,2009,312619.0,7112.0,1608.0,139,4.504734,12033.91
Belize,2010,320256.0,7037.0,1658.0,134,4.4771676,11913.664
Belize,2011,327306.0,7204.0,1697.0,131,4.529044,11641.771
Belize,2012,334421.0,7358.0,1723.0,128,4.3428397,11843.415
Belize,2013,341635.0,7535.0,1762.0,126,4.4212875,12064.797
Belize,2014,348934.0,7667.0,1802.0,124,4.8707147,12272.296
Belize,2015,356341.0,7732.0,1833.0,120,4.6598873,12348.795
Belize,2016,364717.0,7795.0,1864.0,116,4.772072,12063.06
Belize,2017,373215.0,7944.0,1906.0,112,4.622288,11572.301
Belize,2018,380232.0,8039.0,1932.0,107,4.7552986,11451.897
Belize,2019,385833.0,7460.0,1944.0,97,4.816081,11765.975
Belize,2020,390819.0,7173.0,2178.0,95,5.3390117,10045.141
Belize,2021,395355.0,6539.0,2352.0,80,5.045984,11716.327
Belize,2022,402741.0,7004.0,2176.0,77,4.21643,12565.364
Benin,2000,7221618.0,303881.0,85861.0,40492,2.9591713,2536.169
Benin,2001,7445599.0,310446.0,87558.0,40417,3.3041732,2591.065
Benin,2002,7675430.0,318378.0,88900.0,40386,3.095892,2630.1807
Benin,2003,7913074.0,328197.0,90237.0,40468,3.116785,2639.0437
Benin,2004,8159098.0,337207.0,91570.0,40600,3.2327387,2672.844
Benin,2005,8426145.0,346205.0,92405.0,40733,3.223458,2632.4724
Benin,2006,8693243.0,359386.0,94351.0,41181,3.2877386,2652.2185
Benin,2007,8953973.0,366762.0,95460.0,41313,2.9371564,2729.1375
Benin,2008,9228468.0,372558.0,98317.0,41267,2.651781,2777.6196
Benin,2009,9509431.0,380206.0,100007.0,41242,2.8995388,2758.0725
Benin,2010,9797488.0,389643.0,101944.0,41242,3.0184824,2733.574
Benin,2011,10093626.0,400626.0,104284.0,41353,2.9986556,2732.0125
Benin,2012,10397659.0,412846.0,106670.0,41571,3.0756297,2779.7266
Benin,2013,10708831.0,423880.0,108075.0,41773,2.8688076,2893.0466
Benin,2014,11030008.0,433941.0,110183.0,41883,2.6911197,2987.3823
Benin,2015,11360681.0,443019.0,112458.0,41898,2.7281342,2952.0022
Benin,2016,11697845.0,450993.0,114442.0,41775,3.6204286,2962.6638
Benin,2017,12039777.0,455587.0,115820.0,41461,3.6738935,3041.7793
Benin,2018,12383349.0,457631.0,117365.0,40841,3.4364984,3155.4512
Benin,2019,12726760.0,458619.0,118810.0,40037,3.0020688,3281.1047
Benin,2020,13070169.0,461781.0,119851.0,39238,3.0512166,3317.8596
Benin,2021,13413423.0,466510.0,125402.0,38486,2.9158976,3464.2886
Benin,2022,13759507.0,472635.0,123118.0,37823,2.981844,3588.3252
Bhutan,2000,596871.0,15029.0,4885.0,1308,4.138679,5287.574
Bhutan,2001,610801.0,14577.0,4667.0,1102,4.6003795,5545.6304
Bhutan,2002,624417.0,14147.0,4684.0,1005,3.951611,5991.255
Bhutan,2003,637667.0,13841.0,4709.0,916,3.8348145,6323.541
Bhutan,2004,650559.0,13831.0,4783.0,848,4.2639775,6517.997
Bhutan,2005,661875.0,13975.0,4871.0,793,3.8330898,6850.804
Bhutan,2006,670803.0,14067.0,4872.0,742,4.085239,7140.856
Bhutan,2007,678643.0,14112.0,4790.0,689,3.8377495,8195.07
Bhutan,2008,686359.0,13928.0,4727.0,634,3.1484222,8470.035
Bhutan,2009,693994.0,13631.0,4721.0,589,3.2966502,9019.118
Bhutan,2010,701638.0,13262.0,4662.0,535,3.2575862,9985.284
Bhutan,2011,709387.0,12928.0,4644.0,490,3.0206273,10714.687
Bhutan,2012,717288.0,12616.0,4655.0,452,3.259884,11143.944
Bhutan,2013,725282.0,12376.0,4690.0,420,3.3486269,11212.4795
Bhutan,2014,733151.0,12040.0,4748.0,392,3.2322645,11744.519
Bhutan,2015,740623.0,11595.0,4840.0,362,3.4365308,12400.298
Bhutan,2016,747878.0,11076.0,4913.0,333,3.2775671,13320.976
Bhutan,2017,754343.0,10379.0,5010.0,304,3.1121507,13482.343
Bhutan,2018,759766.0,9832.0,4924.0,275,3.0689673,13854.8545
Bhutan,2019,764830.0,9500.0,4856.0,254,3.3751116,14555.188
Bhutan,2020,770013.0,9973.0,4829.0,250,4.084515,12979.937
Bhutan,2021,775450.0,9997.0,4835.0,245,4.7858143,13458.8125
Bhutan,2022,780921.0,10001.0,4798.0,233,3.9175746,14061.3125
Bolivia,2000,8606330.0,256865.0,83863.0,25135,4.395541,7492.4336
Bolivia,2001,8752740.0,254876.0,83700.0,23809,4.825222,7491.1523
Bolivia,2002,8900358.0,253925.0,83268.0,22628,4.8964505,7550.0156
Bolivia,2003,9050703.0,254642.0,82795.0,21590,5.1970963,7625.9053
Bolivia,2004,9204297.0,254854.0,82511.0,20630,4.8631573,7811.5967
Bolivia,2005,9360758.0,255846.0,82285.0,19748,5.0740814,8020.6357
Bolivia,2006,9521685.0,260345.0,82338.0,19102,4.6608753,8263.319
Bolivia,2007,9685960.0,260302.0,81995.0,18336,4.6968894,8493.948
Bolivia,2008,9850859.0,260466.0,81894.0,17550,4.6067724,8865.272
Bolivia,2009,10016279.0,260589.0,81850.0,16774,5.174445,9011.557
Bolivia,2010,10182345.0,260864.0,81827.0,16055,5.2023053,9230.398
Bolivia,2011,10348931.0,261007.0,82178.0,15414,5.173068,9554.445
Bolivia,2012,10515814.0,261112.0,82389.0,14775,5.2539444,9884.462
Bolivia,2013,10682612.0,261055.0,83128.0,14275,5.5746512,10391.384
Bolivia,2014,10848889.0,260816.0,83850.0,13803,5.8961363,10790.848
Bolivia,2015,11014707.0,260533.0,84360.0,13370,6.5506496,11144.642
Bolivia,2016,11180020.0,260185.0,85118.0,12987,6.8333306,11448.021
Bolivia,2017,11344591.0,259921.0,86119.0,12654,6.490195,11755.256
Bolivia,2018,11508370.0,259789.0,87022.0,12338,6.6039944,11920.313
Bolivia,2019,11671386.0,259767.0,88176.0,12051,6.88793,11930.916
Bolivia,2020,11816301.0,259912.0,128047.0,11858,8.022581,10285.659
Bolivia,2021,11937369.0,260326.0,140749.0,11406,8.160168,11202.441
Bolivia,2022,12077156.0,260457.0,92767.0,11099,7.159331,11487.715
Bosnia and Herzegovina,2000,4159785.0,42557.0,30842.0,423,7.962394,7830.502
Bosnia and Herzegovina,2001,4179446.0,41697.0,31275.0,391,7.5734477,7982.519
Bosnia and Herzegovina,2002,4188006.0,42342.0,31368.0,371,7.3993435,8366.691
Bosnia and Herzegovina,2003,4178523.0,42068.0,31287.0,351,8.280561,8709.957
Bosnia and Herzegovina,2004,4140990.0,41928.0,32377.0,333,9.062702,9344.83
Bosnia and Herzegovina,2005,4096493.0,40186.0,33642.0,309,8.820418,9814.47
Bosnia and Herzegovina,2006,4063269.0,38808.0,36091.0,288,8.883627,10430.412
Bosnia and Herzegovina,2007,4013420.0,38347.0,36792.0,276,9.255014,11178.682
Bosnia and Herzegovina,2008,3947545.0,37634.0,37471.0,264,9.486302,11983.72
Bosnia and Herzegovina,2009,3879798.0,37870.0,37217.0,258,9.015209,11826.65
Bosnia and Herzegovina,2010,3811480.0,36074.0,37968.0,245,9.012127,12142.861
Bosnia and Herzegovina,2011,3741799.0,33170.0,38528.0,223,9.171212,12487.649
Bosnia and Herzegovina,2012,3670109.0,32553.0,39313.0,214,9.479158,12626.927
Bosnia and Herzegovina,2013,3610857.0,31542.0,39906.0,207,9.436163,13135.718
Bosnia and Herzegovina,2014,3564831.0,29941.0,40945.0,199,9.471033,13458.853
Bosnia and Herzegovina,2015,3518541.0,29960.0,41900.0,191,9.240866,14220.09
Bosnia and Herzegovina,2016,3472997.0,29459.0,42469.0,188,9.139435,14873.641
Bosnia and Herzegovina,2017,3428684.0,29379.0,42190.0,186,8.817973,15554.659
Bosnia and Herzegovina,2018,3386999.0,29816.0,40575.0,186,8.761004,16349.0
Bosnia and Herzegovina,2019,3345532.0,28642.0,43834.0,179,8.925444,17029.297
Bosnia and Herzegovina,2020,3299352.0,27558.0,50065.0,178,9.703118,16747.035
Bosnia and Herzegovina,2021,3244912.0,25994.0,59668.0,128,9.555143,18286.662
Bosnia and Herzegovina,2022,3204802.0,24831.0,45032.0,152,8.716448,19298.117
Botswana,2000,1677384.0,46859.0,21006.0,3486,6.1083856,13185.817
Botswana,2001,1712264.0,47784.0,21670.0,3543,6.366078,12949.641
Botswana,2002,1744765.0,48237.0,22070.0,3545,6.665298,13479.696
Botswana,2003,1775744.0,48643.0,22098.0,3514,6.4093385,13857.259
Botswana,2004,1807153.0,49351.0,21875.0,3470,6.09126,13984.842
Botswana,2005,1839881.0,50976.0,21595.0,3445,5.2653294,14361.958
Botswana,2006,1874526.0,52751.0,21410.0,3542,4.875994,15275.583
Botswana,2007,1911200.0,54153.0,20321.0,3417,5.5208073,15850.234
Botswana,2008,1949973.0,55371.0,19939.0,3394,5.897473,16040.315
Botswana,2009,1990671.0,56528.0,19859.0,3359,6.620812,13489.951
Botswana,2010,2033110.0,57668.0,19567.0,3312,6.267182,14545.02
Botswana,2011,2073538.0,58137.0,19529.0,3247,5.86915,15236.719
Botswana,2012,2108617.0,58497.0,19296.0,3155,6.350106,14957.619
Botswana,2013,2140687.0,58191.0,18784.0,3046,6.4991364,16369.426
Botswana,2014,2172053.0,58201.0,18157.0,2930,5.880406,17052.193
Botswana,2015,2203276.0,58331.0,17434.0,2821,6.1028776,15994.964
Botswana,2016,2234784.0,58673.0,16678.0,2728,5.7683764,16905.588
Botswana,2017,2266749.0,59100.0,15941.0,2644,6.62987,17352.896
Botswana,2018,2299149.0,59541.0,15372.0,2582,6.0401034,17825.02
Botswana,2019,2332082.0,60054.0,14944.0,2514,6.121932,18106.01
Botswana,2020,2365895.0,60407.0,14797.0,2454,6.12134,16289.392
Botswana,2021,2401448.0,61049.0,20156.0,2406,6.3031507,17960.625
Botswana,2022,2439895.0,61615.0,14215.0,2395,5.736508,18647.373
Brazil,2000,174018278.0,3459239.0,1087230.0,120453,8.334572,14005.348
Brazil,2001,176301201.0,3382286.0,1091064.0,110421,8.549633,14016.132
Brazil,2002,178503485.0,3300495.0,1093541.0,100919,8.69687,14265.905
Brazil,2003,180622688.0,3218588.0,1089771.0,92133,8.188994,14259.366
Brazil,2004,182675144.0,3196886.0,1088789.0,85295,8.12492,14911.261
Brazil,2005,184688101.0,3172258.0,1088914.0,79153,8.035396,15221.014
Brazil,2006,186653099.0,3115423.0,1089260.0,73085,8.249525,15657.4795
Brazil,2007,188552311.0,3062690.0,1092307.0,67729,8.20183,16440.584
Brazil,2008,190367297.0,3008005.0,1099895.0,63041,8.011285,17113.367
Brazil,2009,192079958.0,2989532.0,1111087.0,59332,8.394805,16939.441
Brazil,2010,193701931.0,2970979.0,1123720.0,56286,7.945166,18062.158
Brazil,2011,195284736.0,2956872.0,1141138.0,53869,7.7881913,18627.81
Brazil,2012,196876113.0,2940339.0,1157774.0,51332,7.7363772,18832.219
Brazil,2013,198478290.0,2934515.0,1175771.0,49560,7.9766016,19241.506
Brazil,2014,200085126.0,2957978.0,1200100.0,48441,8.396441,19183.172
Brazil,2015,201675534.0,2961442.0,1219165.0,47318,8.9093,18357.068
Brazil,2016,203218108.0,2874734.0,1265256.0,45261,9.169017,17620.928
Brazil,2017,204703440.0,2891049.0,1280591.0,44636,9.471251,17724.48
Brazil,2018,206107265.0,2889976.0,1306181.0,43690,9.46475,17917.75
Brazil,2019,207455459.0,2810666.0,1338507.0,41918,9.614491,18018.621
Brazil,2020,208660845.0,2711546.0,1565282.0,39747,9.623265,17327.516
Brazil,2021,209550291.0,2672684.0,1753027.0,38397,9.636465,18075.705
Brazil,2022,210306411.0,2640391.0,1585585.0,37481,9.387395,18554.047
Brunei,2000,326429.0,6464.0,1134.0,68,2.5479064,100323.44
Brunei,2001,333353.0,6433.0,1154.0,66,2.5465107,99680.766
Brunei,2002,340108.0,6355.0,1183.0,63,2.5344794,101571.586
Brunei,2003,346650.0,6252.0,1214.0,62,2.6026058,103226.914
Brunei,2004,352921.0,6128.0,1254.0,60,2.5519338,101497.76
Brunei,2005,358930.0,5998.0,1296.0,59,2.2338617,99795.69
Brunei,2006,364670.0,5930.0,1340.0,58,1.9072516,102248.51
Brunei,2007,370883.0,5913.0,1392.0,57,1.9414544,96752.62
Brunei,2008,377800.0,6050.0,1427.0,59,1.8761202,91275.5
Brunei,2009,384965.0,6252.0,1465.0,60,2.3930662,87875.83
Brunei,2010,392340.0,6504.0,1498.0,63,2.278261,88586.516
Brunei,2011,399395.0,6776.0,1534.0,65,1.8640972,90279.664
Brunei,2012,405564.0,6933.0,1584.0,67,1.850972,89718.46
Brunei,2013,411205.0,6955.0,1649.0,67,1.898314,86606.65
Brunei,2014,416757.0,6929.0,1722.0,67,1.914368,83310.62
Brunei,2015,422223.0,6856.0,1798.0,68,2.387089,81910.19
Brunei,2016,427571.0,6749.0,1872.0,67,2.548287,78880.625
Brunei,2017,432787.0,6636.0,1949.0,66,2.2702286,78966.87
Brunei,2018,437811.0,6534.0,2029.0,64,2.416009,78099.05
Brunei,2019,442690.0,6451.0,2116.0,63,2.2310076,80228.16
Brunei,2020,447411.0,6391.0,2197.0,62,2.4535956,80280.9
Brunei,2021,451722.0,6351.0,2363.0,62,2.147487,78248.8
Brunei,2022,455374.0,6305.0,2986.0,61,1.7704219,76357.83
Bulgaria,2000,8000519.0,72135.0,115129.0,1163,5.8297095,12563.836
Bulgaria,2001,7928455.0,67967.0,112176.0,1148,6.859588,13306.505
Bulgaria,2002,7861949.0,67094.0,112433.0,1076,7.0809865,14397.001
Bulgaria,2003,7804405.0,67996.0,111795.0,996,7.199874,15271.484
Bulgaria,2004,7749430.0,70567.0,109949.0,1026,6.8909087,16388.96
Bulgaria,2005,7695047.0,71885.0,113224.0,902,6.890115,17678.033
Bulgaria,2006,7640292.0,74681.0,113227.0,880,6.5254455,19024.543
Bulgaria,2007,7586896.0,76095.0,112809.0,847,6.1565175,20440.252
Bulgaria,2008,7535589.0,78327.0,110236.0,818,6.282816,21845.955
Bulgaria,2009,7488016.0,81232.0,107824.0,879,6.595776,21251.217
Bulgaria,2010,7437594.0,76057.0,109563.0,834,7.0947795,21724.287
Bulgaria,2011,7380023.0,71337.0,107961.0,718,7.1025057,22321.033
Bulgaria,2012,7317020.0,69316.0,109021.0,665,7.5390368,22618.81
Bulgaria,2013,7264605.0,66702.0,104158.0,611,7.1416745,22954.396
Bulgaria,2014,7223450.0,67457.0,108799.0,605,7.683062,23455.482
Bulgaria,2015,7177515.0,65896.0,110010.0,510,7.3936357,24562.648
Bulgaria,2016,7127436.0,65025.0,107362.0,491,7.45975,25636.744
Bulgaria,2017,7075642.0,63939.0,109605.0,494,7.496245,26691.758
Bulgaria,2018,7024745.0,62236.0,108365.0,446,7.3408628,27690.895
Bulgaria,2019,6975466.0,61503.0,107891.0,416,7.1181364,29149.922
Bulgaria,2020,6933656.0,58839.0,124102.0,358,8.440609,28521.207
Bulgaria,2021,6877222.0,59000.0,148512.0,399,8.580489,30958.982
Bulgaria,2022,6825862.0,64058.0,115520.0,420,7.6384945,32433.658
Burkina Faso,2000,11925548.0,539498.0,182835.0,92863,4.021167,1428.574
Burkina Faso,2001,12294996.0,552129.0,184408.0,92893,3.959839,1477.2849
Burkina Faso,2002,12680904.0,564087.0,186757.0,92900,4.1798553,1494.678
Burkina Faso,2003,13082530.0,582049.0,187543.0,92390,4.4226604,1561.8331
Burkina Faso,2004,13500536.0,595700.0,187130.0,91265,5.2308364,1581.2562
Burkina Faso,2005,13932127.0,613825.0,186583.0,90046,4.837849,1664.9955
Burkina Faso,2006,14373713.0,637917.0,187564.0,89494,5.170433,1714.7604
Burkina Faso,2007,14816313.0,654744.0,187476.0,88473,5.77535,1731.9304
Burkina Faso,2008,15258103.0,670185.0,184973.0,86454,4.967216,1779.3271
Burkina Faso,2009,15710067.0,683565.0,183969.0,84809,5.1968393,1779.323
Burkina Faso,2010,16176503.0,698825.0,183353.0,83305,5.2896724,1873.9714
Burkina Faso,2011,16661907.0,712470.0,181695.0,81415,4.6486816,1939.8666
Burkina Faso,2012,17172284.0,726047.0,181757.0,79967,4.6026726,2003.6647
Burkina Faso,2013,17695411.0,737957.0,181860.0,78434,5.563316,2057.064
Burkina Faso,2014,18229466.0,744883.0,181681.0,76660,5.0002723,2083.1985
Burkina Faso,2015,18777488.0,751910.0,181355.0,74789,5.131924,2101.7026
Burkina Faso,2016,19334854.0,752608.0,181101.0,72664,5.9528465,2162.7258
Burkina Faso,2017,19894413.0,750548.0,180579.0,70252,6.120752,2232.2878
Burkina Faso,2018,20438289.0,735902.0,179403.0,67206,4.944277,2316.3943
Burkina Faso,2019,20961956.0,719512.0,179512.0,64182,5.3500113,2391.5364
Burkina Faso,2020,21478691.0,703172.0,178808.0,60785,6.8946996,2380.9316
Burkina Faso,2021,21995249.0,713006.0,185536.0,58555,7.0869193,2486.431
Burkina Faso,2022,22509038.0,721256.0,183104.0,57021,7.4143553,2469.1995
Burundi,2000,6470196.0,276449.0,102582.0,41149,4.221816,1030.3224
Burundi,2001,6634368.0,285509.0,100969.0,40524,5.681804,1025.4838
Burundi,2002,6824139.0,300548.0,98655.0,40337,5.349836,1041.2972
Burundi,2003,7043158.0,313617.0,97324.0,40307,5.272452,996.56946
Burundi,2004,7310656.0,331100.0,96210.0,40140,7.0957274,1006.5124
Burundi,2005,7587303.0,350183.0,96782.0,40309,7.560166,978.54193
Burundi,2006,7865545.0,366335.0,96462.0,39982,8.712648,995.02783
Burundi,2007,8161879.0,381375.0,96050.0,39391,9.18554,991.9314
Burundi,2008,8505643.0,396840.0,96093.0,38774,7.741475,998.56506
Burundi,2009,8947653.0,415969.0,96384.0,38190,9.232385,985.18475
Burundi,2010,9376448.0,440345.0,98541.0,37972,11.281967,988.0187
Burundi,2011,9717980.0,446809.0,97878.0,36776,10.069963,991.6599
Burundi,2012,10071033.0,450756.0,96686.0,35320,8.637565,999.2201
Burundi,2013,10439346.0,458280.0,96055.0,34038,8.628346,1011.43134
Burundi,2014,10799789.0,463323.0,95524.0,32796,7.2108154,1019.1761
Burundi,2015,11047581.0,466834.0,95985.0,31618,6.290445,992.2858
Burundi,2016,11239459.0,450656.0,92265.0,29493,7.0614824,1006.5591
Burundi,2017,11506764.0,444372.0,90491.0,27768,6.952304,1020.84985
Burundi,2018,11859444.0,441348.0,89648.0,26383,7.2939615,1043.4056
Burundi,2019,12255339.0,448292.0,90615.0,25507,9.059406,1054.726
Burundi,2020,12617041.0,452381.0,90724.0,24607,10.707762,1027.6289
Burundi,2021,12965487.0,454572.0,94727.0,23781,8.941903,1032.3827
Burundi,2022,13321102.0,456995.0,93200.0,22977,8.668775,1028.1113
Cambodia,2000,12462343.0,354758.0,108419.0,36881,6.4812655,1922.0317
Cambodia,2001,12658486.0,355824.0,105101.0,33660,6.7602835,2032.0809
Cambodia,2002,12855249.0,353882.0,102022.0,30607,6.9195275,2126.3416
Cambodia,2003,13050977.0,350806.0,98932.0,27651,6.4576244,2309.8394
Cambodia,2004,13244737.0,347814.0,96171.0,25007,6.485218,2491.3093
Cambodia,2005,13439203.0,350813.0,94065.0,22947,6.150014,2781.8904
Cambodia,2006,13639032.0,356349.0,92645.0,21292,5.3644032,3041.1047
Cambodia,2007,13841773.0,362784.0,92033.0,19918,4.427027,3308.1575
Cambodia,2008,14053479.0,363698.0,91579.0,18404,5.6129665,3501.9258
Cambodia,2009,14276819.0,365845.0,91145.0,17185,6.3089695,3587.609
Cambodia,2010,14500730.0,363038.0,90763.0,15908,5.627132,3711.5376
Cambodia,2011,14722587.0,362638.0,90467.0,14905,6.0044365,3921.979
Cambodia,2012,14945090.0,367322.0,90672.0,13934,5.7763286,4159.1636
Cambodia,2013,15170210.0,372579.0,91556.0,13320,5.008637,4419.399
Cambodia,2014,15396771.0,375729.0,92534.0,12575,4.4078465,4702.7305
Cambodia,2015,15623253.0,378364.0,93970.0,11967,4.538986,4968.5728
Cambodia,2016,15852802.0,379768.0,95641.0,11442,4.490533,5283.7295
Cambodia,2017,16073374.0,380213.0,97515.0,10958,4.2693324,5632.0312
Cambodia,2018,16274522.0,380367.0,99703.0,10476,4.497078,6050.591
Cambodia,2019,16481305.0,378867.0,102001.0,10014,5.0580106,6448.885
Cambodia,2020,16725484.0,374795.0,106055.0,9584,5.1303144,6128.782
Cambodia,2021,16974309.0,371827.0,115873.0,9167,6.3388805,6225.5327
Cambodia,2022,17201721.0,366027.0,108775.0,8743,4.468561,6458.368
Cameroon,2000,14912632.0,609606.0,197969.0,84961,4.295734,3822.9443
Cameroon,2001,15309489.0,622620.0,200117.0,85351,4.168304,3884.873
Cameroon,2002,15725534.0,641602.0,202053.0,85711,4.026699,3951.4194
Cameroon,2003,16160340.0,663763.0,204346.0,86264,3.9022799,4054.7812
Cameroon,2004,16610485.0,685601.0,206719.0,86832,3.72799,4222.9663
Cameroon,2005,17074599.0,705512.0,208968.0,87179,3.7727444,4199.7227
Cameroon,2006,17550403.0,721591.0,210220.0,87058,3.7366283,4241.5176
Cameroon,2007,18049897.0,738190.0,211240.0,86772,3.794988,4302.619
Cameroon,2008,18574052.0,755313.0,212396.0,86385,3.6584368,4300.2666
Cameroon,2009,19113978.0,771425.0,213585.0,85534,3.4999719,4286.577
Cameroon,2010,19668063.0,783507.0,213595.0,84375,3.5774217,4286.583
Cameroon,2011,20232312.0,793453.0,212848.0,82608,3.8528295,4307.852
Cameroon,2012,20809530.0,804318.0,210278.0,80338,3.9310236,4382.1113
Cameroon,2013,21402379.0,814923.0,208843.0,78158,3.6313643,4473.5723
Cameroon,2014,22059894.0,828313.0,209069.0,76215,4.341488,4588.4863
Cameroon,2015,22763418.0,858607.0,209424.0,75174,4.126005,4698.667
Cameroon,2016,23454165.0,885986.0,208929.0,74321,4.022537,4767.132
Cameroon,2017,24128609.0,905199.0,208719.0,73357,3.7929394,4797.9756
Cameroon,2018,24806377.0,915335.0,209156.0,71979,3.6197016,4851.48
Cameroon,2019,25506095.0,922896.0,208210.0,70484,3.6515791,4882.3555
Cameroon,2020,26210566.0,928861.0,212485.0,68859,4.2505193,4763.482
Cameroon,2021,26915765.0,936082.0,222277.0,67128,4.341098,4793.556
Cameroon,2022,27632770.0,946933.0,212027.0,65645,4.4943914,4843.6504
Canada,2000,30891800.0,329737.0,220889.0,1994,8.248085,48399.285
Canada,2001,31213578.0,333510.0,222643.0,2096,8.6247635,48774.15
Canada,2002,31535579.0,329815.0,226849.0,2090,8.856652,49694.99
Canada,2003,31836483.0,334808.0,229673.0,2090,9.010865,50139.766
Canada,2004,32132680.0,337172.0,230174.0,2054,9.066234,51210.66
Canada,2005,32440172.0,342817.0,233957.0,2150,9.035298,52356.54
Canada,2006,32759174.0,354634.0,232190.0,2084,9.331887,53195.76
Canada,2007,33092171.0,367258.0,239677.0,2175,9.434696,53761.84
Canada,2008,33449088.0,377291.0,242930.0,2194,9.594279,53711.656
Canada,2009,33826370.0,380249.0,242591.0,2128,10.704025,51552.402
Canada,2010,34196900.0,377848.0,244282.0,2194,10.700665,52558.42
Canada,2011,34555449.0,378973.0,247868.0,2116,10.405187,53681.11
Canada,2012,34922513.0,383018.0,250821.0,2099,10.540711,54034.78
Canada,2013,35293421.0,382695.0,256612.0,2204,10.435593,54712.156
Canada,2014,35634265.0,386115.0,263225.0,2065,10.281157,55723.46
Canada,2015,35962236.0,384571.0,268728.0,2033,10.763979,55660.844
Canada,2016,36353345.0,383577.0,270983.0,2028,11.05627,55606.133
Canada,2017,36808498.0,377884.0,282308.0,1973,10.9242115,56612.305
Canada,2018,37294996.0,374264.0,289729.0,2043,10.922621,57337.47
Canada,2019,37782934.0,372337.0,288924.0,1914,11.048235,57583.824
Canada,2020,38171903.0,362246.0,311994.0,1864,13.017329,54092.86
Canada,2021,38454058.0,369789.0,311189.0,1883,12.381066,56995.094
Canada,2022,38821259.0,354665.0,337728.0,1775,11.081197,58583.13
Cape Verde,2000,453335.0,12631.0,2880.0,443,3.8602502,4510.1357
Cape Verde,2001,460300.0,12318.0,2805.0,401,3.6965292,4540.907
Cape Verde,2002,467056.0,12003.0,2731.0,369,3.7248976,4710.241
Cape Verde,2003,473384.0,11714.0,2679.0,342,3.6274426,4841.2656
Cape Verde,2004,479377.0,11478.0,2653.0,324,3.546163,5268.303
Cape Verde,2005,485128.0,11059.0,2627.0,306,3.3408659,5565.7695
Cape Verde,2006,490728.0,10606.0,2631.0,292,3.8240676,5941.3823
Cape Verde,2007,496196.0,10213.0,2659.0,281,3.8421862,6767.4067
Cape Verde,2008,501362.0,9955.0,2642.0,271,3.2695158,7169.1396
Cape Verde,2009,506148.0,9872.0,2660.0,263,3.55867,6994.574
Cape Verde,2010,509793.0,10410.0,2660.0,260,4.080854,7072.1216
Cape Verde,2011,511453.0,10524.0,2649.0,249,3.9252782,7325.784
Cape Verde,2012,511966.0,9782.0,2626.0,222,4.674055,7397.8223
Cape Verde,2013,512231.0,9425.0,2642.0,201,4.8246827,7440.6626
Cape Verde,2014,512334.0,9263.0,2636.0,185,4.8523154,7491.022
Cape Verde,2015,512405.0,8946.0,2630.0,169,4.400737,7560.1367
Cape Verde,2016,512556.0,8878.0,2643.0,154,4.36134,7881.303
Cape Verde,2017,512899.0,8616.0,2629.0,142,4.4807096,8234.56
Cape Verde,2018,513418.0,7933.0,2653.0,125,4.785482,8531.13
Cape Verde,2019,514116.0,7345.0,2568.0,112,4.824313,9111.63
Cape Verde,2020,514683.0,6764.0,3031.0,102,7.0339932,7207.8687
Cape Verde,2021,516655.0,6494.0,2910.0,93,6.607736,7685.4194
Cape Verde,2022,519750.0,6465.0,2601.0,85,6.702434,8850.106
Central African Republic,2000,3833421.0,161226.0,63757.0,26057,4.3808217,1245.814
Central African Republic,2001,3919498.0,164424.0,64826.0,26100,4.01044,1272.857
Central African Republic,2002,4006079.0,165879.0,65289.0,25977,4.236336,1290.3832
Central African Republic,2003,4103092.0,171114.0,65576.0,25952,4.1857247,1191.8732
Central African Republic,2004,4192828.0,174245.0,65694.0,25868,4.143679,1236.2854
Central African Republic,2005,4288814.0,179167.0,65634.0,25782,4.2285757,1219.594
Central African Republic,2006,4377582.0,184701.0,65826.0,25815,4.3110867,1251.8708
Central African Republic,2007,4462777.0,188292.0,65151.0,25724,4.633889,1284.5529
Central African Republic,2008,4558989.0,193562.0,64930.0,25637,4.0263577,1283.2728
Central African Republic,2009,4529051.0,197666.0,328277.0,100353,4.683256,1402.6816
Central African Republic,2010,4493003.0,202009.0,71464.0,27742,3.5669987,1479.4137
Central African Republic,2011,4565023.0,206859.0,63949.0,26127,3.6756186,1517.1484
Central African Republic,2012,4610848.0,208167.0,61375.0,25543,3.9181445,1577.9806
Central African Republic,2013,4642423.0,207318.0,66827.0,27054,4.766602,996.89636
Central African Republic,2014,4623187.0,206410.0,98965.0,37125,4.5655737,1001.85596
Central African Republic,2015,4629322.0,200626.0,58711.0,24690,5.034342,1043.9218
Central African Republic,2016,4713663.0,204529.0,62114.0,25507,5.444023,1073.9448
Central African Republic,2017,4793512.0,209676.0,81217.0,31128,6.665416,1103.8661
Central African Republic,2018,4878663.0,213870.0,60510.0,24790,10.994841,1125.7009
Central African Republic,2019,4944708.0,218100.0,149574.0,52349,7.760815,1145.0956
Central African Republic,2020,5026629.0,223558.0,66647.0,26109,8.98488,1136.5706
Central African Republic,2021,5112103.0,231200.0,106790.0,38004,9.150975,1128.5524
Central African Republic,2022,5098038.0,231576.0,281036.0,94166,9.949935,1136.8018
Chad,2000,8512092.0,439131.0,151959.0,78043,4.2069755,1506.7158
Chad,2001,8804122.0,451136.0,153875.0,78741,4.0803933,1626.5668
Chad,2002,9116195.0,460121.0,157126.0,79022,5.602512,1704.273
Chad,2003,9487830.0,474662.0,159922.0,79643,4.246983,1878.5858
Chad,2004,9920036.0,499724.0,165585.0,81324,4.2398286,2400.97
Chad,2005,10328094.0,523340.0,171041.0,82998,3.731969,2705.8164
Chad,2006,10706426.0,538567.0,176542.0,84203,3.7341726,2596.0325
Chad,2007,11081667.0,555267.0,178526.0,84741,3.4719965,2613.4739
Chad,2008,11476299.0,568419.0,180980.0,85113,3.1635978,2601.3613
Chad,2009,11893753.0,585846.0,183911.0,85522,3.3626013,2474.7075
Chad,2010,12312580.0,603058.0,186877.0,85839,3.08811,2717.4055
Chad,2011,12755004.0,618487.0,189495.0,85960,2.8558578,2741.0708
Chad,2012,13211006.0,636465.0,192218.0,85891,2.6730642,2886.2747
Chad,2013,13691081.0,649348.0,194842.0,85548,2.9576604,2864.113
Chad,2014,14188680.0,667604.0,199646.0,85428,3.2970834,2820.678
Chad,2015,14647626.0,681261.0,203257.0,85044,3.4025393,2822.5793
Chad,2016,15114652.0,688209.0,204767.0,83878,3.7084248,2622.598
Chad,2017,15622756.0,701724.0,207412.0,82948,3.510234,2496.2622
Chad,2018,16156535.0,717372.0,207723.0,82090,3.289322,2552.3704
Chad,2019,16685223.0,739415.0,208889.0,81483,3.3847163,2604.5315
Chad,2020,17224686.0,753575.0,212342.0,80581,4.352151,2513.0293
Chad,2021,17828274.0,771674.0,216831.0,79784,3.9722333,2435.0728
Chad,2022,18455319.0,800043.0,211970.0,79609,4.1582355,2449.4824
Chile,2000,15503638.0,253044.0,77691.0,2906,7.0002074,17529.42
Chile,2001,15683852.0,249600.0,77938.0,2703,7.097331,17874.531
Chile,2002,15857926.0,241810.0,79493.0,2545,7.208338,18244.52
Chile,2003,16024755.0,236992.0,82700.0,2424,7.250478,18907.346
Chile,2004,16187324.0,233333.0,83211.0,2320,6.910286,19966.709
Chile,2005,16348780.0,232635.0,85634.0,2270,6.6237206,20923.48
Chile,2006,16509195.0,231044.0,88772.0,2220,6.072356,21973.738
Chile,2007,16671571.0,236641.0,91596.0,2221,6.2125964,22884.299
Chile,2008,16838987.0,241683.0,94578.0,2227,6.739545,23515.348
Chile,2009,17009730.0,244308.0,96733.0,2277,7.2502685,23019.03
Chile,2010,17181463.0,244494.0,98971.0,2229,6.819584,24122.479
Chile,2011,17351810.0,243213.0,102168.0,2167,6.799475,25372.273
Chile,2012,17519116.0,241335.0,106731.0,2111,7.0195127,26676.81
Chile,2013,17687006.0,240927.0,107148.0,2066,7.475527,27297.818
Chile,2014,17864192.0,240683.0,109302.0,2017,7.8415017,27511.56
Chile,2015,18047630.0,237273.0,110194.0,1949,8.351394,27817.959
Chile,2016,18267225.0,231728.0,111179.0,1883,8.557671,27965.348
Chile,2017,18558868.0,218305.0,112045.0,1725,9.090518,27899.598
Chile,2018,18893185.0,221012.0,117053.0,1617,9.150404,28499.406
Chile,2019,19197748.0,210016.0,124017.0,1440,9.309685,28227.979
Chile,2020,19370621.0,195578.0,143204.0,1188,9.697346,26258.404
Chile,2021,19456323.0,176463.0,148947.0,1041,9.724502,29106.635
Chile,2022,19553033.0,189124.0,148082.0,1035,10.005307,29560.451
China,2000,1269581174.0,17551192.0,7780055.0,625893,4.453586,4065.8672
China,2001,1278725061.0,16586483.0,7830809.0,561863,4.1975203,4372.4355
China,2002,1286866835.0,16382375.0,7916788.0,512491,4.321562,4744.382
China,2003,1294517323.0,16221728.0,8011829.0,467493,4.3546047,5191.7812
China,2004,1302100316.0,16461427.0,8121151.0,433014,4.2294908,5684.388
China,2005,1310027135.0,16602725.0,8214690.0,399792,4.112308,6298.2993
China,2006,1318054030.0,16868048.0,8339011.0,371363,3.8865502,7057.1113
China,2007,1325813576.0,17202356.0,8410712.0,346620,3.6173773,8013.7837
China,2008,1333821011.0,17712990.0,8683383.0,334076,3.8362775,8743.702
China,2009,1342522717.0,18031192.0,8715892.0,306336,4.27632,9518.682
China,2010,1351561505.0,17912368.0,8788793.0,283665,4.158211,10476.152
China,2011,1360250658.0,17824404.0,8969344.0,260979,4.267194,11404.918
China,2012,1369520866.0,19246444.0,9086058.0,255120,4.490466,12217.935
China,2013,1379008040.0,18297106.0,9235336.0,230487,4.6388264,13080.879
China,2014,1387951970.0,18769424.0,9383269.0,216890,4.6988025,13968.519
China,2015,1396134171.0,17518180.0,9521878.0,192467,4.853676,14857.108
China,2016,1404052628.0,18329284.0,9688664.0,183254,4.883381,15772.837
China,2017,1412354730.0,18260492.0,10049252.0,170302,4.9695034,16758.047
China,2018,1419008954.0,15357072.0,9967030.0,141044,5.069333,17807.049
China,2019,1423520357.0,14615866.0,10128803.0,124102,5.2651687,18820.588
China,2020,1426106093.0,11843469.0,10411387.0,99296,5.5044184,19215.102
China,2021,1426437269.0,10461124.0,10759523.0,82067,5.2559032,20843.297
China,2022,1425179562.0,9455320.0,10998724.0,72370,5.880788,21499.312
Colombia,2000,39089939.0,870048.0,217884.0,22503,5.6352935,10813.494
Colombia,2001,39709263.0,862583.0,219646.0,21613,5.942383,10823.45
Colombia,2002,40324684.0,861020.0,220158.0,20908,5.732966,10925.148
Colombia,2003,40937426.0,856735.0,214594.0,19668,5.7750545,11183.291
Colombia,2004,41543177.0,842400.0,213997.0,18814,5.798921,11607.938
Colombia,2005,42128978.0,824839.0,214218.0,17943,6.067106,11999.255
Colombia,2006,42691081.0,809616.0,215241.0,17081,6.3354664,12636.625
Colombia,2007,43235374.0,802116.0,218967.0,16399,6.4910216,13318.304
Colombia,2008,43758805.0,796007.0,219345.0,15692,6.841922,13591.061
Colombia,2009,44271543.0,781638.0,222621.0,14934,7.3113456,13586.752
Colombia,2010,44777325.0,758100.0,224437.0,14216,7.071302,14037.064
Colombia,2011,45259614.0,738679.0,227145.0,13440,6.780768,14852.37
Colombia,2012,45715807.0,730825.0,227505.0,12718,6.746016,15279.479
Colombia,2013,46151583.0,721365.0,232279.0,12124,7.0172405,15912.247
Colombia,2014,46565426.0,710473.0,239565.0,11567,7.185532,16480.363
Colombia,2015,46969938.0,693457.0,246688.0,10937,7.523385,16821.38
Colombia,2016,47437513.0,677004.0,251870.0,10343,7.5311704,17003.244
Colombia,2017,48131076.0,682368.0,255821.0,10065,7.678643,16986.033
Colombia,2018,49024463.0,695926.0,262295.0,9836,7.717775,17104.13
Colombia,2019,49907987.0,709573.0,268507.0,9704,7.8340483,17336.771
Colombia,2020,50629997.0,714207.0,335215.0,9423,8.697513,15861.5
Colombia,2021,51188174.0,713944.0,402786.0,9131,9.141505,17383.09
Colombia,2022,51737944.0,710397.0,304254.0,8822,7.5903726,18458.72
Comoros,2000,536084.0,18955.0,5688.0,1867,7.51525,2917.8716
Comoros,2001,547221.0,19202.0,5609.0,1832,6.6571784,3013.389
Comoros,2002,558927.0,19419.0,5659.0,1827,6.685946,3085.9382
Comoros,2003,569808.0,19635.0,5606.0,1781,6.6602483,3085.5967
Comoros,2004,580711.0,19937.0,5591.0,1733,6.5857615,3121.5168
Comoros,2005,592679.0,20415.0,5607.0,1704,6.1314287,3231.725
Comoros,2006,604752.0,20743.0,5619.0,1676,5.7734184,3111.6257
Comoros,2007,616935.0,21060.0,5672.0,1657,5.4175386,3074.7346
Comoros,2008,629314.0,21459.0,5653.0,1626,5.068975,3133.7502
Comoros,2009,641949.0,22005.0,5690.0,1613,4.926944,3171.6035
Comoros,2010,654846.0,22550.0,5700.0,1597,4.9918156,3226.635
Comoros,2011,668064.0,23056.0,5743.0,1580,5.3021183,3293.834
Comoros,2012,681637.0,23340.0,5773.0,1557,5.1735463,3330.5244
Comoros,2013,696203.0,23570.0,5792.0,1522,5.102993,3406.4993
Comoros,2014,711512.0,23708.0,5831.0,1485,5.2384973,3403.4128
Comoros,2015,726685.0,23821.0,5859.0,1441,4.600899,3370.5557
Comoros,2016,741745.0,23804.0,5891.0,1391,4.6526356,3411.7712
Comoros,2017,756672.0,23722.0,5927.0,1339,5.2680745,3472.0786
Comoros,2018,771597.0,23850.0,5971.0,1303,4.903186,3528.9587
Comoros,2019,786582.0,23949.0,6014.0,1268,5.1804447,3522.6687
Comoros,2020,802172.0,24053.0,6144.0,1229,5.902421,3447.4727
Comoros,2021,818178.0,24134.0,6489.0,1194,6.46315,3449.0435
Comoros,2022,834191.0,24243.0,6088.0,1161,8.471195,3465.8403
Congo,2000,3151349.0,113966.0,35476.0,12284,1.5050085,7570.583
Congo,2001,3272542.0,121369.0,36489.0,12490,2.1852999,7567.439
Congo,2002,3350770.0,125039.0,36539.0,12379,1.7016783,7729.3887
Congo,2003,3445758.0,127338.0,36015.0,12074,1.918524,7577.4565
Congo,2004,3565565.0,132330.0,35748.0,11718,1.9215237,7577.446
Congo,2005,3696399.0,136888.0,35539.0,11360,1.717741,7876.118
Congo,2006,3837411.0,142358.0,35484.0,11018,1.7086132,8192.58
Congo,2007,3980430.0,148138.0,35678.0,10745,1.9020017,7375.8247
Congo,2008,4113514.0,156315.0,35599.0,10538,2.2392714,7587.288
Congo,2009,4281218.0,162727.0,35824.0,10399,2.1422224,8138.45
Congo,2010,4462304.0,173633.0,36729.0,10557,1.8517286,8583.662
Congo,2011,4609728.0,177029.0,36655.0,10389,1.7523732,8492.421
Congo,2012,4740457.0,179282.0,36819.0,10201,1.9097106,9079.687
Congo,2013,4857104.0,178855.0,36777.0,9941,1.9434716,8798.494
Congo,2014,4975887.0,178231.0,36554.0,9546,1.9731174,9159.257
Congo,2015,5097583.0,178070.0,36530.0,9218,2.4566848,8977.707
Congo,2016,5222545.0,178053.0,36696.0,8899,2.59423,8001.8257
Congo,2017,5351013.0,178792.0,36817.0,8590,2.3647602,7372.7705
Congo,2018,5483128.0,179756.0,37057.0,8321,1.7558498,7029.3364
Congo,2019,5616656.0,180763.0,41252.0,9148,2.3477128,6939.369
Congo,2020,5752792.0,182600.0,39110.0,7861,4.0177507,6350.5093
Congo,2021,5892187.0,184882.0,40639.0,7738,3.4613335,6263.2114
Congo,2022,6035104.0,186731.0,39653.0,7582,2.3001137,6205.105
Costa Rica,2000,3937737.0,79689.0,15426.0,1047,6.564987,14025.69
Costa Rica,2001,4008951.0,77805.0,15608.0,993,6.4740987,14257.525
Costa Rica,2002,4075710.0,74128.0,15737.0,929,6.8690877,14503.177
Costa Rica,2003,4138791.0,72726.0,15984.0,881,6.9691925,14898.72
Costa Rica,2004,4200079.0,71973.0,16201.0,850,6.6300607,15330.883
Costa Rica,2005,4261240.0,73520.0,16380.0,842,6.6642966,15711.745
Costa Rica,2006,4321337.0,70996.0,16817.0,803,6.9353085,16628.373
Costa Rica,2007,4380250.0,72729.0,17487.0,801,6.996426,17752.416
Costa Rica,2008,4440058.0,74620.0,18133.0,803,7.4685483,18343.1
Costa Rica,2009,4499788.0,74359.0,18601.0,790,7.860192,17941.502
Costa Rica,2010,4555965.0,70192.0,19389.0,740,8.029377,18670.168
Costa Rica,2011,4609834.0,72648.0,19763.0,735,8.121978,19264.457
Costa Rica,2012,4663930.0,72108.0,20075.0,714,7.7864227,19970.686
Costa Rica,2013,4716153.0,69655.0,20432.0,675,7.6822934,20242.293
Costa Rica,2014,4767126.0,70781.0,21217.0,661,7.663762,20735.193
Costa Rica,2015,4818045.0,70846.0,21767.0,644,7.591962,21265.318
Costa Rica,2016,4867003.0,69035.0,23470.0,617,7.3172436,21936.467
Costa Rica,2017,4913177.0,67859.0,24392.0,593,7.04523,22633.766
Costa Rica,2018,4957813.0,67536.0,25065.0,574,7.285877,23069.861
Costa Rica,2019,4999549.0,63301.0,25621.0,535,7.221249,23496.83
Costa Rica,2020,5034323.0,57220.0,28054.0,481,7.8254576,22368.139
Costa Rica,2021,5059991.0,53349.0,33230.0,439,7.6113048,24083.6
Costa Rica,2022,5081764.0,52440.0,31027.0,416,7.183682,25290.008
Cote d'Ivoire,2000,17699007.0,783669.0,238543.0,106550,3.6147692,4838.376
Cote d'Ivoire,2001,18178920.0,798087.0,242883.0,106556,3.5904715,4609.1787
Cote d'Ivoire,2002,18654772.0,809610.0,245915.0,105797,3.5414605,4368.9604
Cote d'Ivoire,2003,19125546.0,818605.0,250381.0,104484,3.951477,4060.0305
Cote d'Ivoire,2004,19594997.0,828403.0,248963.0,102654,4.021487,4088.9753
Cote d'Ivoire,2005,20068468.0,841410.0,247725.0,100806,3.9663908,4032.2756
Cote d'Ivoire,2006,20546808.0,851472.0,246480.0,98795,3.9286146,4049.2903
Cote d'Ivoire,2007,21030558.0,861431.0,244200.0,96649,4.1937966,3999.7205
Cote d'Ivoire,2008,21514446.0,870785.0,240162.0,94498,4.1387105,4096.754
Cote d'Ivoire,2009,21997936.0,896304.0,241867.0,93123,4.6397142,4151.0845
Cote d'Ivoire,2010,22488068.0,920563.0,244024.0,91777,4.5749483,4338.6846
Cote d'Ivoire,2011,22982003.0,938718.0,244682.0,90367,4.397007,4017.4375
Cote d'Ivoire,2012,23467083.0,954821.0,245981.0,88372,4.4273715,4234.212
Cote d'Ivoire,2013,23939775.0,968388.0,248156.0,85906,3.717738,4597.22
Cote d'Ivoire,2014,24527393.0,977203.0,248228.0,83615,3.7310183,4907.611
Cote d'Ivoire,2015,25246347.0,978751.0,247351.0,83100,3.2198832,5110.9004
Cote d'Ivoire,2016,25989404.0,980892.0,245258.0,81308,3.3210127,5320.8857
Cote d'Ivoire,2017,26733376.0,977902.0,243358.0,79124,3.2469304,5556.155
Cote d'Ivoire,2018,27464175.0,963483.0,241014.0,76204,3.091678,5670.242
Cote d'Ivoire,2019,28193014.0,967182.0,239423.0,73805,3.1891685,5894.9224
Cote d'Ivoire,2020,28915452.0,973041.0,245568.0,71649,3.6232789,5787.858
Cote d'Ivoire,2021,29639737.0,980502.0,248325.0,69641,3.7620766,6045.2046
Cote d'Ivoire,2022,30395004.0,987825.0,237561.0,68073,3.6384761,6272.264
Croatia,2000,4326105.0,40917.0,52629.0,355,7.650843,21302.412
Croatia,2001,4301079.0,40925.0,50954.0,352,7.1699524,22826.723
Croatia,2002,4305783.0,40123.0,50296.0,333,6.143005,24136.781
Croatia,2003,4306683.0,39669.0,50550.0,339,6.2978253,25473.566
Croatia,2004,4310050.0,39882.0,50264.0,285,6.5067997,26528.537
Croatia,2005,4313946.0,42452.0,50364.0,282,6.840681,27641.137
Croatia,2006,4315802.0,41464.0,51326.0,269,6.9036217,29035.676
Croatia,2007,4315959.0,41939.0,51513.0,255,7.3894615,30508.307
Croatia,2008,4314635.0,43778.0,52240.0,266,7.636435,31113.555
Croatia,2009,4310537.0,44632.0,52222.0,251,8.033117,29024.664
Croatia,2010,4301150.0,43443.0,51994.0,240,7.9490886,28701.875
Croatia,2011,4280827.0,41321.0,51959.0,205,7.6250815,28769.023
Croatia,2012,4259233.0,41575.0,51854.0,202,7.63413,28259.164
Croatia,2013,4242403.0,39661.0,52022.0,200,6.372716,28397.982
Croatia,2014,4219485.0,39192.0,53292.0,204,6.566124,28456.336
Croatia,2015,4183732.0,36996.0,53771.0,192,6.6554804,29466.451
Croatia,2016,4136438.0,36663.0,54815.0,179,6.6916747,30820.805
Croatia,2017,4079198.0,35415.0,55052.0,177,6.6280313,32348.588
Croatia,2018,4024868.0,35134.0,54587.0,178,6.713618,33729.547
Croatia,2019,3986338.0,33999.0,53352.0,151,6.786999,35122.797
Croatia,2020,3953956.0,33454.0,57058.0,157,7.6835294,32493.402
Croatia,2021,3924607.0,35785.0,57806.0,168,8.082657,36930.074
Croatia,2022,3907031.0,33039.0,53347.0,158,7.2963634,39863.91
Cyprus,2000,947667.0,11839.0,6273.0,79,5.3080006,36121.664
Cyprus,2001,964129.0,11613.0,6302.0,72,5.3394046,37146.844
Cyprus,2002,981443.0,11396.0,6179.0,67,5.6156597,38090.777
Cyprus,2003,999600.0,11746.0,6267.0,64,5.635688,38617.812
Cyprus,2004,1017875.0,12106.0,6399.0,60,5.4055815,40019.926
Cyprus,2005,1036156.0,12126.0,6478.0,57,5.4358096,41362.094
Cyprus,2006,1054424.0,12677.0,6509.0,55,5.463575,42595.203
Cyprus,2007,1072727.0,12479.0,6492.0,51,5.3574486,43823.76
Cyprus,2008,1091029.0,13078.0,6646.0,50,6.0143085,44295.63
Cyprus,2009,1109377.0,13390.0,6570.0,47,6.4653153,42253.387
Cyprus,2010,1127826.0,13358.0,6634.0,45,6.5005574,42102.28
Cyprus,2011,1146493.0,13006.0,6742.0,43,6.431391,41212.688
Cyprus,2012,1165403.0,13529.0,6804.0,43,6.536388,39190.223
Cyprus,2013,1183899.0,13055.0,6947.0,41,6.9277453,36650.57
Cyprus,2014,1201806.0,13390.0,7203.0,41,6.9313726,36104.902
Cyprus,2015,1219504.0,13710.0,7378.0,42,6.793822,37258.5
Cyprus,2016,1237114.0,14234.0,7593.0,43,6.652547,39500.85
Cyprus,2017,1254274.0,13995.0,7921.0,43,6.6219254,41417.99
Cyprus,2018,1270743.0,14015.0,8112.0,45,6.7844625,43510.03
Cyprus,2019,1286669.0,14172.0,8498.0,46,6.9984317,45454.176
Cyprus,2020,1302250.0,14510.0,8683.0,48,8.6479645,43402.36
Cyprus,2021,1317311.0,14802.0,9501.0,51,8.874451,47632.57
Cyprus,2022,1331376.0,14710.0,10246.0,75,8.272014,50840.914
Czechia,2000,10236809.0,90473.0,109158.0,475,5.6691694,29427.406
Czechia,2001,10231942.0,90693.0,107906.0,453,5.834793,30399.873
Czechia,2002,10239474.0,92714.0,108277.0,488,6.1465626,30919.549
Czechia,2003,10248907.0,93762.0,111399.0,457,6.501684,31949.297
Czechia,2004,10261453.0,97916.0,107234.0,449,6.333084,33452.34
Czechia,2005,10280155.0,102469.0,107980.0,421,6.3352904,35535.746
Czechia,2006,10304592.0,106419.0,104492.0,435,6.1649,37786.88
Czechia,2007,10337539.0,114489.0,104655.0,452,5.990291,39629.008
Czechia,2008,10378298.0,118839.0,104875.0,409,6.3385525,40328.344
Czechia,2009,10420985.0,117739.0,107391.0,412,7.2650013,38175.14
Czechia,2010,10464035.0,116320.0,106763.0,393,7.478368,39097.387
Czechia,2011,10495508.0,108487.0,106869.0,363,7.4728146,39708.164
Czechia,2012,10507339.0,108000.0,108160.0,353,7.5397496,39347.05
Czechia,2013,10511164.0,106266.0,109226.0,328,7.4483128,39317.555
Czechia,2014,10517223.0,109036.0,105696.0,328,7.539196,40158.016
Czechia,2015,10524418.0,110923.0,111230.0,334,7.2934675,42066.574
Czechia,2016,10531946.0,112635.0,107770.0,391,7.322586,43069.465
Czechia,2017,10541343.0,114314.0,111614.0,372,7.2419066,45177.523
Czechia,2018,10548934.0,113821.0,112928.0,361,7.371736,46301.082
Czechia,2019,10554872.0,112029.0,112451.0,348,7.4875436,47763.617
Czechia,2020,10550129.0,110250.0,129212.0,309,8.969958,45119.938
Czechia,2021,10530683.0,111795.0,140176.0,298,9.154207,47796.035
Czechia,2022,10673216.0,96941.0,117353.0,295,8.470631,48390.66
Democratic Republic of Congo,2000,50507445.0,2287896.0,738369.0,349768,1.4659474,981.42206
Democratic Republic of Congo,2001,52132646.0,2344778.0,749769.0,349566,2.6231098,930.85785
Democratic Republic of Congo,2002,53750529.0,2395052.0,763459.0,348341,2.5701294,929.4528
Democratic Republic of Congo,2003,55343873.0,2443727.0,764538.0,344842,3.7335334,953.0446
Democratic Republic of Congo,2004,56997740.0,2495424.0,764413.0,340832,4.335642,987.74695
Democratic Republic of Congo,2005,58775726.0,2570127.0,769817.0,338124,3.9855824,1016.6339
Democratic Republic of Congo,2006,60615909.0,2665465.0,776055.0,336652,4.0621066,1036.1333
Democratic Republic of Congo,2007,62477753.0,2746572.0,782823.0,335167,3.8938496,1091.5408
Democratic Republic of Congo,2008,64390658.0,2833867.0,789708.0,334016,4.312548,1137.8408
Democratic Republic of Congo,2009,66412038.0,2924268.0,797321.0,332430,4.5113316,1109.1831
Democratic Republic of Congo,2010,68563038.0,3011258.0,799042.0,330395,3.7222428,1166.983
Democratic Republic of Congo,2011,70849311.0,3115991.0,805373.0,329332,3.1943555,1124.7721
Democratic Republic of Congo,2012,73254623.0,3219513.0,814058.0,328637,3.2215035,1182.1407
Democratic Republic of Congo,2013,75789397.0,3311232.0,821887.0,327141,3.3405752,1342.7416
Democratic Republic of Congo,2014,78403248.0,3410957.0,830675.0,326118,3.7252061,1392.7584
Democratic Republic of Congo,2015,81035532.0,3503691.0,838654.0,324595,3.7478545,1433.2158
Democratic Republic of Congo,2016,83956416.0,3599622.0,845927.0,322955,4.2002783,1388.8016
Democratic Republic of Congo,2017,87083400.0,3742518.0,859293.0,323318,4.000578,1395.7196
Democratic Republic of Congo,2018,90047647.0,3861913.0,868698.0,322548,3.2412717,1431.7285
Democratic Republic of Congo,2019,92947450.0,3954796.0,879236.0,322058,3.508039,1394.7646
Democratic Republic of Congo,2020,95990000.0,4049813.0,893708.0,317765,3.9769444,1361.028
Democratic Republic of Congo,2021,99148930.0,4158030.0,929997.0,315853,3.8672798,1402.3856
Democratic Republic of Congo,2022,102396974.0,4262077.0,914408.0,313252,3.9417696,1484.3384
Denmark,2000,5339659.0,66726.0,57911.0,413,8.110062,57585.9
Denmark,2001,5358825.0,65232.0,58337.0,384,8.4437065,57925.055
Denmark,2002,5375967.0,64086.0,58535.0,349,8.695062,58003.887
Denmark,2003,5390621.0,64479.0,57553.0,353,8.890374,58101.48
Denmark,2004,5404594.0,64414.0,55773.0,341,8.985515,59560.46
Denmark,2005,5419550.0,64094.0,54868.0,327,9.0671625,60798.137
Denmark,2006,5437425.0,64609.0,55489.0,289,9.152579,62911.395
Denmark,2007,5461604.0,63750.0,55549.0,305,9.3021555,63251.316
Denmark,2008,5493762.0,64435.0,54651.0,302,9.467979,62618.45
Denmark,2009,5523169.0,62612.0,54904.0,232,10.628732,59185.97
Denmark,2010,5547865.0,62763.0,54178.0,246,10.596218,59856.348
Denmark,2011,5570848.0,58926.0,52568.0,241,10.397585,60391.78
Denmark,2012,5591911.0,57591.0,52183.0,231,10.533446,60161.7
Denmark,2013,5615333.0,55718.0,52536.0,232,10.29779,60745.777
Denmark,2014,5643795.0,56567.0,51433.0,260,10.313887,61210.95
Denmark,2015,5683698.0,57806.0,52656.0,236,10.375455,62059.13
Denmark,2016,5728196.0,60927.0,52765.0,228,10.282293,63468.99
Denmark,2017,5765164.0,61052.0,53223.0,263,10.113799,64989.445
Denmark,2018,5793824.0,61189.0,55174.0,250,10.141632,65870.83
Denmark,2019,5814618.0,61068.0,53899.0,207,10.184688,66758.63
Denmark,2020,5831529.0,60993.0,54684.0,214,10.692376,65379.305
Denmark,2021,5856774.0,63475.0,57041.0,234,10.655759,69328.0
Denmark,2022,5902901.0,58095.0,59397.0,213,9.474113,69089.47
Djibouti,2013,984833.0,24218.0,8229.0,1685,2.9178212,4469.074
Djibouti,2014,1002720.0,24160.0,8307.0,1633,2.959301,4705.0493
Djibouti,2015,1020316.0,24045.0,8326.0,1573,3.347577,4961.868
Djibouti,2016,1037660.0,23929.0,8311.0,1518,2.7416613,5226.5005
Djibouti,2017,1054844.0,23948.0,8359.0,1468,2.4797637,5421.9565
Djibouti,2018,1071886.0,23917.0,8392.0,1420,2.530864,5590.5044
Djibouti,2019,1088710.0,23857.0,8487.0,1375,2.4134784,5809.3047
Djibouti,2020,1105193.0,23847.0,8880.0,1327,2.3386123,5791.4775
Djibouti,2021,1121251.0,23892.0,9336.0,1281,2.871281,5960.108
Djibouti,2022,1137101.0,23915.0,8581.0,1240,2.5255454,6180.68
Dominica,2000,68527.0,1228.0,665.0,22,5.323744,14054.655
Dominica,2001,68299.0,1230.0,671.0,22,4.6450186,14091.549
Dominica,2002,68385.0,1107.0,675.0,21,4.6531105,13640.703
Dominica,2003,68552.0,1069.0,679.0,21,4.846179,14398.002
Dominica,2004,68664.0,1046.0,685.0,21,4.7452016,14962.246
Dominica,2005,68750.0,1032.0,690.0,21,4.977725,15080.5205
Dominica,2006,68823.0,1070.0,701.0,22,4.780922,15727.705
Dominica,2007,68862.0,1041.0,718.0,22,4.7910995,16560.518
Dominica,2008,68866.0,1010.0,734.0,22,5.049688,17738.041
Dominica,2009,68879.0,981.0,757.0,22,4.983293,17534.033
Dominica,2010,68872.0,963.0,787.0,22,5.1571193,17516.787
Dominica,2011,69073.0,947.0,820.0,22,5.3345037,17475.041
Dominica,2012,69138.0,959.0,787.0,23,5.7950993,17431.129
Dominica,2013,69733.0,927.0,809.0,23,5.3474984,17282.637
Dominica,2014,70387.0,963.0,701.0,24,5.261417,17520.855
Dominica,2015,70429.0,923.0,769.0,30,5.159418,16920.912
Dominica,2016,69627.0,899.0,718.0,24,5.1230807,17364.078
Dominica,2017,68514.0,809.0,939.0,34,5.4624543,16314.2295
Dominica,2018,68195.0,793.0,846.0,23,6.18496,16877.125
Dominica,2019,67901.0,781.0,849.0,23,5.1690392,17619.434
Dominica,2020,67588.0,771.0,854.0,23,6.0680614,14919.531
Dominica,2021,67222.0,756.0,960.0,23,6.311425,15808.975
Dominica,2022,66847.0,745.0,855.0,23,5.97262,17550.8
Dominican Republic,2000,8584196.0,219389.0,47700.0,9241,4.884275,10896.318
Dominican Republic,2001,8720287.0,218606.0,48418.0,8954,4.881833,10991.137
Dominican Republic,2002,8852231.0,215858.0,49115.0,8585,4.9864902,11313.069
Dominican Republic,2003,8980626.0,213179.0,49920.0,8253,4.3888826,11000.868
Dominican Republic,2004,9104889.0,210347.0,51557.0,8230,4.287739,11131.2705
Dominican Republic,2005,9225035.0,207235.0,51824.0,7646,4.353912,12022.508
Dominican Republic,2006,9341187.0,204201.0,53069.0,7435,3.9936543,12961.918
Dominican Republic,2007,9455663.0,206408.0,54341.0,7433,4.089353,13754.921
Dominican Republic,2008,9573135.0,211761.0,55093.0,7431,4.56442,14030.141
Dominican Republic,2009,9695270.0,216627.0,55737.0,7537,4.7670617,13992.41
Dominican Republic,2010,9820180.0,217689.0,55607.0,7568,4.9289675,14975.001
Dominican Republic,2011,9945623.0,217516.0,55425.0,7668,5.0450664,15258.086
Dominican Republic,2012,10070409.0,216738.0,55826.0,7598,5.058973,15487.277
Dominican Republic,2013,10193838.0,215900.0,56564.0,7564,4.9259424,16054.768
Dominican Republic,2014,10315523.0,215022.0,57757.0,7525,4.809429,16993.588
Dominican Republic,2015,10434826.0,214311.0,60058.0,7491,4.735346,17973.188
Dominican Republic,2016,10551430.0,213553.0,62004.0,7455,4.585824,18968.975
Dominican Republic,2017,10666846.0,213428.0,61866.0,7395,4.4456267,19501.875
Dominican Republic,2018,10782048.0,214001.0,63149.0,7348,4.217655,20662.848
Dominican Republic,2019,10894043.0,211667.0,66804.0,7214,4.3680887,21451.287
Dominican Republic,2020,11008298.0,208680.0,71258.0,7015,4.964903,19545.41
Dominican Republic,2021,11123480.0,206574.0,77714.0,6828,5.0884,22053.459
Dominican Republic,2022,11230734.0,205012.0,66253.0,6641,4.645068,22986.959
East Timor,2003,916876.0,35176.0,8275.0,3342,2.8418703,3264.9465
East Timor,2004,929081.0,34865.0,8106.0,3181,4.2610354,3234.9758
East Timor,2005,948310.0,34363.0,7951.0,3013,5.2804475,3263.9446
East Timor,2006,976610.0,34240.0,8023.0,2888,6.00192,3038.9524
East Timor,2007,1004898.0,34212.0,8136.0,2772,5.6479325,3256.5698
East Timor,2008,1032431.0,34170.0,8279.0,2658,6.9656396,3530.882
East Timor,2009,1058783.0,34145.0,8447.0,2540,7.309318,3792.3584
East Timor,2010,1084688.0,34155.0,8642.0,2429,6.470588,4047.2495
East Timor,2011,1110212.0,34060.0,8828.0,2351,6.8654146,4189.8
East Timor,2012,1134891.0,33813.0,8923.0,2265,6.992152,4297.915
East Timor,2013,1158697.0,33558.0,9019.0,2174,8.532378,4340.2783
East Timor,2014,1181913.0,33159.0,9121.0,2081,7.5995855,4445.3594
East Timor,2015,1205133.0,32611.0,9224.0,1992,7.691467,4467.8003
East Timor,2016,1228314.0,32120.0,9347.0,1920,6.9425073,4515.4224
East Timor,2017,1251711.0,31606.0,9461.0,1845,6.804423,4290.027
East Timor,2018,1275962.0,31236.0,9592.0,1777,6.402274,4188.841
East Timor,2019,1300946.0,31034.0,9727.0,1723,4.992188,5103.1494
East Timor,2020,1326051.0,30966.0,9801.0,1666,7.26445,6594.882
East Timor,2021,1350142.0,30689.0,10588.0,1606,4.9192977,6825.046
East Timor,2022,1369299.0,30704.0,10087.0,1526,7.4637184,5348.4917
Ecuador,2000,12689215.0,325418.0,65573.0,9688,3.5736797,9183.052
Ecuador,2001,12910736.0,324599.0,65231.0,9170,4.0636554,9405.117
Ecuador,2002,13138473.0,323935.0,64479.0,8704,4.8140483,9697.556
Ecuador,2003,13372304.0,323349.0,64413.0,8272,5.792324,9802.814
Ecuador,2004,13608700.0,322931.0,65504.0,7897,5.881522,10290.663
Ecuador,2005,13846162.0,322850.0,67554.0,7560,5.859049,10660.205
Ecuador,2006,14086138.0,323530.0,69347.0,7265,5.9361777,10933.49
Ecuador,2007,14328783.0,323895.0,70474.0,6963,5.5572248,10952.822
Ecuador,2008,14575201.0,327954.0,70070.0,6758,5.521749,11474.525
Ecuador,2009,14825960.0,332509.0,71613.0,6527,6.0338845,11403.527
Ecuador,2010,15076697.0,329979.0,72574.0,6234,6.349257,11665.698
Ecuador,2011,15326232.0,333805.0,75643.0,6016,6.605097,12449.078
Ecuador,2012,15572195.0,326145.0,76322.0,5692,6.878598,12961.026
Ecuador,2013,15807132.0,310704.0,76600.0,5252,6.778664,13689.152
Ecuador,2014,16035127.0,303002.0,77206.0,4918,6.7660184,14064.799
Ecuador,2015,16266229.0,298607.0,79195.0,4660,7.7678604,13881.57
Ecuador,2016,16505142.0,290846.0,82610.0,4473,7.588175,13586.516
Ecuador,2017,16759515.0,296263.0,84905.0,4259,7.5248413,14179.153
Ecuador,2018,17049542.0,298755.0,79255.0,4143,7.833647,14083.507
Ecuador,2019,17340017.0,293458.0,82414.0,3968,7.8087845,13870.489
Ecuador,2020,17546058.0,287589.0,131143.0,3768,8.606084,12440.326
Ecuador,2021,17682454.0,280840.0,125687.0,3569,8.375262,13507.444
Ecuador,2022,17823900.0,274903.0,95581.0,3382,7.601839,14186.639
Egypt,2000,73083287.0,2001867.0,461788.0,93461,4.922443,9981.628
Egypt,2001,74652035.0,2034454.0,465475.0,89323,5.4003034,10117.333
Egypt,2002,76239140.0,2064224.0,470750.0,85654,5.510738,10143.506
Egypt,2003,77853548.0,2091590.0,477304.0,82269,5.2242527,10250.377
Egypt,2004,79477441.0,2111602.0,484912.0,79045,4.8573236,10451.821
Egypt,2005,81101012.0,2154522.0,493921.0,76651,4.9222918,10700.609
Egypt,2006,82700404.0,2196664.0,503294.0,74505,4.841901,11211.832
Egypt,2007,84276224.0,2262766.0,513415.0,73071,4.4449325,11782.006
Egypt,2008,85864791.0,2316318.0,523309.0,71577,4.466348,12391.585
Egypt,2009,87501635.0,2380803.0,532741.0,70312,4.3787093,12728.081
Egypt,2010,89196073.0,2452077.0,541987.0,69285,4.1531916,13128.988
Egypt,2011,91093066.0,2502876.0,551057.0,68041,4.3570757,13082.427
Egypt,2012,93161000.0,2619435.0,558907.0,67663,4.458918,13076.806
Egypt,2013,95333551.0,2725683.0,568793.0,67797,4.6710043,13058.075
Egypt,2014,97528655.0,2769134.0,573333.0,66218,4.774153,13136.365
Egypt,2015,99597334.0,2807083.0,579420.0,64887,5.061532,13425.912
Egypt,2016,101644583.0,2711820.0,580088.0,61143,5.074624,13727.32
Egypt,2017,103696055.0,2706428.0,583607.0,58739,5.346619,14018.36
Egypt,2018,105682092.0,2493224.0,584761.0,53250,4.74893,14488.209
Egypt,2019,107553159.0,2394940.0,589117.0,49344,4.599467,15026.568
Egypt,2020,109315118.0,2405407.0,700366.0,47164,4.1538463,15309.236
Egypt,2021,110957005.0,2347231.0,780671.0,44457,4.6095514,15579.016
Egypt,2022,112618252.0,2375206.0,639135.0,43138,4.723628,16360.391
El Salvador,2000,5943363.0,161255.0,38936.0,5274,7.843428,7545.4478
El Salvador,2001,5968058.0,154131.0,39814.0,4885,7.886049,7580.323
El Salvador,2002,5986629.0,146110.0,39975.0,4316,7.8856573,7675.671
El Salvador,2003,5998597.0,138834.0,40985.0,3955,7.771823,7780.272
El Salvador,2004,6004673.0,132491.0,41589.0,3525,8.130217,7841.532
El Salvador,2005,6005583.0,128358.0,43474.0,3261,9.200579,8050.5347
El Salvador,2006,6002321.0,125881.0,44996.0,2979,8.693389,8404.247
El Salvador,2007,6009820.0,123595.0,46825.0,2770,8.478363,8548.835
El Salvador,2008,6029302.0,120858.0,45749.0,2596,8.495859,8704.806
El Salvador,2009,6048284.0,119965.0,45057.0,2499,8.837497,8494.498
El Salvador,2010,6068253.0,119481.0,43789.0,2309,8.904162,8648.93
El Salvador,2011,6090128.0,119474.0,43290.0,2209,8.876454,8945.932
El Salvador,2012,6113977.0,118547.0,43056.0,2080,8.606254,9162.5625
El Salvador,2013,6138845.0,117772.0,43906.0,1975,9.05236,9329.462
El Salvador,2014,6162952.0,117183.0,44607.0,1883,8.598942,9451.744
El Salvador,2015,6183675.0,114888.0,45622.0,1780,8.758332,9646.154
El Salvador,2016,6200808.0,109938.0,46192.0,1647,8.714563,9863.761
El Salvador,2017,6213538.0,106386.0,46568.0,1537,8.422869,10064.794
El Salvador,2018,6219803.0,103765.0,46254.0,1441,8.322752,10297.203
El Salvador,2019,6222316.0,103104.0,46288.0,1373,8.808461,10543.938
El Salvador,2020,6234679.0,101646.0,53398.0,1313,8.951051,9692.449
El Salvador,2021,6255780.0,101029.0,54501.0,1244,10.12669,10809.714
El Salvador,2022,6280316.0,99985.0,46842.0,1199,9.820363,11085.616
Equatorial Guinea,2000,703287.0,28690.0,9555.0,4321,1.222602,11767.471
Equatorial Guinea,2001,749836.0,30313.0,9939.0,4424,1.325593,18031.965
Equatorial Guinea,2002,797968.0,32057.0,10311.0,4517,2.8873007,20242.432
Equatorial Guinea,2003,847867.0,33907.0,10735.0,4615,1.9718534,21709.574
Equatorial Guinea,2004,899924.0,35845.0,11182.0,4714,1.584636,28225.986
Equatorial Guinea,2005,947370.0,37814.0,11700.0,4832,1.4204873,31302.957
Equatorial Guinea,2006,990349.0,39298.0,11893.0,4857,1.4121786,32251.768
Equatorial Guinea,2007,1036053.0,40807.0,12138.0,4878,1.4208068,35540.45
Equatorial Guinea,2008,1084538.0,42302.0,12359.0,4890,1.2333322,39994.617
Equatorial Guinea,2009,1135683.0,43778.0,12596.0,4896,1.8738989,38706.605
Equatorial Guinea,2010,1189097.0,45207.0,12836.0,4891,1.7336366,33668.875
Equatorial Guinea,2011,1241843.0,46562.0,13065.0,4872,1.5430961,34341.934
Equatorial Guinea,2012,1293485.0,47565.0,13213.0,4830,1.6229031,35711.492
Equatorial Guinea,2013,1346220.0,48510.0,13351.0,4768,1.7562275,32894.37
Equatorial Guinea,2014,1399829.0,49389.0,13500.0,4703,1.868559,31765.9
Equatorial Guinea,2015,1453925.0,50205.0,13657.0,4625,2.4569342,27797.795
Equatorial Guinea,2016,1508192.0,50965.0,13786.0,4541,2.9717748,24435.064
Equatorial Guinea,2017,1562401.0,51669.0,13924.0,4451,2.8612163,22250.44
Equatorial Guinea,2018,1616425.0,52372.0,14039.0,4363,2.9221482,20165.48
Equatorial Guinea,2019,1670184.0,53083.0,14186.0,4269,3.2794883,18446.592
Equatorial Guinea,2020,1716479.0,53813.0,14815.0,4182,3.7056072,17089.154
Equatorial Guinea,2021,1758796.0,54000.0,14844.0,4066,3.5103004,16821.45
Equatorial Guinea,2022,1803549.0,54328.0,14460.0,3958,2.8372636,16932.771
Estonia,2000,1397001.0,13011.0,18409.0,142,5.170291,20526.66
Estonia,2001,1388174.0,12652.0,18532.0,138,4.783992,21872.66
Estonia,2002,1379438.0,12973.0,18381.0,98,4.7019267,23537.715
Estonia,2003,1370849.0,13049.0,18207.0,117,5.137489,25485.162
Estonia,2004,1362682.0,13953.0,17760.0,108,5.3364105,27381.535
Estonia,2005,1354847.0,14372.0,17327.0,103,5.2943463,30161.2
Estonia,2006,1346885.0,14923.0,17333.0,86,4.973087,33301.496
Estonia,2007,1340709.0,15787.0,17431.0,99,5.184294,35986.516
Estonia,2008,1337078.0,16043.0,16684.0,96,5.956941,34233.766
Estonia,2009,1334528.0,15796.0,16123.0,71,6.844438,29281.68
Estonia,2010,1331450.0,15822.0,15777.0,76,6.594042,30067.502
Estonia,2011,1327366.0,14750.0,15245.0,46,6.0547166,32453.102
Estonia,2012,1322615.0,14097.0,15448.0,65,6.037821,33765.43
Estonia,2013,1317920.0,13585.0,15249.0,45,6.197885,34481.016
Estonia,2014,1314457.0,13599.0,15508.0,52,6.2628613,35720.3
Estonia,2015,1314580.0,13819.0,15259.0,48,6.5213866,36353.06
Estonia,2016,1315850.0,14027.0,15388.0,39,6.569186,37466.555
Estonia,2017,1317430.0,13804.0,15567.0,43,6.466361,39529.785
Estonia,2018,1321972.0,14309.0,15756.0,37,6.563144,40849.848
Estonia,2019,1326822.0,14079.0,15399.0,32,6.6476355,42215.035
Estonia,2020,1329675.0,13235.0,15308.0,28,7.4717937,40916.72
Estonia,2021,1331750.0,13118.0,17632.0,39,7.4759107,44247.418
Estonia,2022,1350093.0,11481.0,17078.0,31,6.9364142,43124.62
Eswatini,2000,1041428.0,33940.0,15112.0,3753,4.6095176,6106.0747
Eswatini,2001,1051066.0,34097.0,16273.0,3906,5.1389537,6135.453
Eswatini,2002,1059456.0,34164.0,17245.0,3946,5.522983,6335.8135
Eswatini,2003,1066706.0,34489.0,18098.0,3979,6.378644,6578.302
Eswatini,2004,1073170.0,34939.0,18958.0,3979,6.814325,6775.2217
Eswatini,2005,1079022.0,35106.0,19158.0,3920,7.3762336,7142.1924
Eswatini,2006,1084442.0,34954.0,18822.0,3796,7.8256006,7584.72
Eswatini,2007,1090713.0,35081.0,18488.0,3638,7.9300413,7866.731
Eswatini,2008,1098098.0,35446.0,18173.0,3465,8.857929,7926.3794
Eswatini,2009,1105158.0,35242.0,17582.0,3213,8.632922,7988.5977
Eswatini,2010,1111651.0,34313.0,16657.0,2913,8.591257,8245.642
Eswatini,2011,1117845.0,33985.0,16337.0,2659,8.469973,8350.892
Eswatini,2012,1123870.0,33662.0,15358.0,2444,7.820476,8645.845
Eswatini,2013,1130000.0,33500.0,14597.0,2281,7.457034,8951.058
Eswatini,2014,1136305.0,32975.0,13867.0,2158,7.2559657,9084.494
Eswatini,2015,1142822.0,32350.0,13126.0,2038,7.0585527,9186.653
Eswatini,2016,1149516.0,31753.0,12521.0,1950,6.820448,9402.509
Eswatini,2017,1158198.0,31186.0,11907.0,1863,6.981037,9660.552
Eswatini,2018,1168933.0,30873.0,11480.0,1794,7.3193774,9578.101
Eswatini,2019,1179885.0,30546.0,11059.0,1722,8.400338,10099.586
Eswatini,2020,1192734.0,30283.0,11382.0,1654,7.0983777,9695.825
Eswatini,2021,1206598.0,30113.0,12797.0,1599,7.4055214,9990.435
Eswatini,2022,1218921.0,29999.0,9874.0,1531,7.244913,9927.605
Ethiopia,2000,67411496.0,3073321.0,989649.0,422897,4.365047,810.27075
Ethiopia,2001,69487767.0,3126035.0,988227.0,410477,4.723167,851.3134
Ethiopia,2002,71635521.0,3170909.0,981215.0,397270,4.71263,838.29803
Ethiopia,2003,73832664.0,3199498.0,968216.0,382522,4.899709,795.77216
Ethiopia,2004,76077211.0,3249389.0,952416.0,367337,4.3128185,877.1145
Ethiopia,2005,78367476.0,3299599.0,946205.0,353696,4.100981,952.11566
Ethiopia,2006,80703495.0,3315760.0,922188.0,338535,4.457573,1024.7291
Ethiopia,2007,83103218.0,3328656.0,891885.0,321598,5.001283,1109.1433
Ethiopia,2008,85543670.0,3326467.0,861173.0,305019,4.2806387,1193.7473
Ethiopia,2009,88007641.0,3303639.0,836528.0,288473,4.6496563,1262.464
Ethiopia,2010,90538518.0,3311116.0,813004.0,273041,5.4663725,1381.1904
Ethiopia,2011,93149977.0,3322715.0,794916.0,259188,4.4689775,1492.5339
Ethiopia,2012,95798771.0,3311138.0,777661.0,244894,4.5395956,1576.7688
Ethiopia,2013,98438752.0,3311894.0,765886.0,232641,4.075065,1696.8651
Ethiopia,2014,101115615.0,3378040.0,754413.0,223005,4.033655,1821.3916
Ethiopia,2015,103867140.0,3461995.0,748488.0,215591,3.8231683,1957.4146
Ethiopia,2016,106718163.0,3556850.0,746898.0,209893,3.6003375,2084.8406
Ethiopia,2017,109666482.0,3643314.0,744213.0,204131,3.4533691,2222.8281
Ethiopia,2018,112664157.0,3762273.0,747101.0,200749,3.3037176,2311.165
Ethiopia,2019,115737384.0,3882927.0,750136.0,197923,3.2428713,2437.9705
Ethiopia,2020,118917670.0,3961198.0,761473.0,194814,3.4809628,2516.549
Ethiopia,2021,122138588.0,4015397.0,810770.0,190762,3.2077997,2588.413
Ethiopia,2022,125384285.0,4064120.0,763985.0,186144,2.852981,2655.5928
Fiji,2000,840913.0,20457.0,5731.0,470,3.4244118,9070.993
Fiji,2001,849606.0,20621.0,5900.0,468,2.905473,9157.809
Fiji,2002,858057.0,20884.0,6415.0,473,2.9834952,9357.754
Fiji,2003,866297.0,21021.0,6492.0,482,2.972982,9361.464
Fiji,2004,874369.0,21096.0,6573.0,488,3.2576854,9766.527
Fiji,2005,882384.0,21180.0,6679.0,487,3.2565668,9745.581
Fiji,2006,890370.0,21336.0,6782.0,492,3.347982,9837.086
Fiji,2007,897843.0,21293.0,6942.0,491,3.41515,9672.29
Fiji,2008,903403.0,21043.0,7045.0,482,3.1846712,9711.966
Fiji,2009,907248.0,20720.0,7175.0,474,3.5358763,9536.817
Fiji,2010,910427.0,20328.0,7099.0,455,3.4166412,9784.304
Fiji,2011,912991.0,19867.0,7208.0,438,3.142935,10020.695
Fiji,2012,914920.0,19747.0,8028.0,436,3.26555,10140.693
Fiji,2013,916359.0,19697.0,7723.0,423,3.2004068,10604.156
Fiji,2014,917589.0,19537.0,7856.0,422,3.3686047,11183.313
Fiji,2015,918585.0,19288.0,8074.0,423,3.3246894,11674.063
Fiji,2016,919167.0,18889.0,8078.0,438,3.279797,11951.92
Fiji,2017,918762.0,18401.0,7988.0,433,3.1868956,12597.327
Fiji,2018,917185.0,17977.0,8196.0,442,4.1057262,13100.096
Fiji,2019,914906.0,17590.0,8316.0,449,4.282293,13056.331
Fiji,2020,914971.0,17227.0,8495.0,458,5.289874,10812.035
Fiji,2021,916718.0,17005.0,10225.0,465,7.060847,10322.428
Fiji,2022,919428.0,16772.0,8548.0,471,4.0175295,12118.318
Finland,2000,5176197.0,56622.0,49359.0,250,7.0954437,46968.84
Finland,2001,5187970.0,56012.0,48474.0,216,7.2516565,48099.3
Finland,2002,5200548.0,55506.0,49397.0,206,7.630059,48792.49
Finland,2003,5212958.0,56467.0,48935.0,223,7.9398828,49655.547
Finland,2004,5228147.0,57509.0,47539.0,238,8.059992,51494.707
Finland,2005,5246078.0,57577.0,47892.0,240,8.289013,52744.047
Finland,2006,5266248.0,58580.0,48011.0,195,8.285843,54653.98
Finland,2007,5288715.0,58547.0,49037.0,206,8.084156,57313.293
Finland,2008,5313379.0,59278.0,49104.0,198,8.343622,57494.586
Finland,2009,5338854.0,60151.0,49871.0,189,9.161828,52599.15
Finland,2010,5363347.0,60608.0,50861.0,176,9.141833,54017.945
Finland,2011,5388236.0,59735.0,50578.0,179,9.239036,55053.39
Finland,2012,5413978.0,59183.0,51570.0,179,9.617321,53957.668
Finland,2013,5439057.0,57898.0,51422.0,135,9.84505,53183.43
Finland,2014,5461686.0,56935.0,52237.0,154,9.830662,52710.734
Finland,2015,5479719.0,55202.0,52403.0,118,9.699983,52782.49
Finland,2016,5495468.0,52612.0,53889.0,121,9.456256,53984.633
Finland,2017,5508398.0,50135.0,53683.0,133,9.191484,55637.227
Finland,2018,5515730.0,47488.0,54438.0,128,9.10587,56226.336
Finland,2019,5521754.0,45598.0,54091.0,118,9.222952,56922.49
Finland,2020,5529616.0,46440.0,55418.0,110,9.699772,55424.86
Finland,2021,5541069.0,49488.0,57578.0,108,9.909698,56790.375
Finland,2022,5569300.0,44707.0,63005.0,136,9.741526,57068.305
France,2000,59483716.0,781114.0,533651.0,4297,9.61744,45922.48
France,2001,59905131.0,777770.0,533530.0,4312,9.757193,46454.87
France,2002,60327247.0,767569.0,538419.0,3907,10.082501,46610.78
France,2003,60741119.0,766772.0,555159.0,3874,10.134749,46730.977
France,2004,61175244.0,773113.0,512739.0,3739,10.211703,47720.44
France,2005,61625031.0,778088.0,530938.0,3454,10.2372055,48257.465
France,2006,62049831.0,799529.0,520988.0,3636,10.39765,49223.246
France,2007,62432438.0,788147.0,525959.0,3483,10.334188,50157.785
France,2008,62780187.0,799073.0,537248.0,3565,10.513407,50068.297
France,2009,63106460.0,797096.0,543934.0,3576,11.290955,48404.965
France,2010,63417366.0,804924.0,546963.0,3401,11.224308,49130.42
France,2011,63733776.0,793347.0,541294.0,3174,11.17601,50085.684
France,2012,64058465.0,789607.0,565755.0,3265,11.337495,49935.625
France,2013,64387736.0,781055.0,565959.0,3332,11.378912,50066.53
France,2014,64692495.0,780384.0,554615.0,3191,11.579354,50326.566
France,2015,64916337.0,760246.0,590330.0,3258,11.50033,50682.895
France,2016,65086853.0,744662.0,588731.0,3144,11.57036,50984.074
France,2017,65284775.0,724569.0,603186.0,3205,11.449446,51895.566
France,2018,65519537.0,717219.0,604984.0,3181,11.308476,52560.953
France,2019,65729460.0,711582.0,608888.0,3129,11.170583,53448.555
France,2020,65905273.0,695934.0,664553.0,2809,12.129494,49311.332
France,2021,66083547.0,702274.0,654168.0,2987,12.248942,52517.336
France,2022,66277412.0,687577.0,658801.0,3078,11.828888,53673.812
Gabon,2000,1275578.0,42641.0,12432.0,3474,2.904711,21717.225
Gabon,2001,1309594.0,43515.0,12578.0,3482,3.151982,21604.781
Gabon,2002,1345142.0,44492.0,12718.0,3487,3.329707,20981.48
Gabon,2003,1382354.0,45437.0,12801.0,3466,3.5364847,20875.455
Gabon,2004,1421620.0,46555.0,12934.0,3453,3.364986,20438.932
Gabon,2005,1463503.0,47830.0,13066.0,3439,2.9217517,20385.29
Gabon,2006,1508338.0,49190.0,13201.0,3423,3.1462393,19224.127
Gabon,2007,1556242.0,50710.0,13310.0,3407,3.0834198,19751.877
Gabon,2008,1607182.0,52422.0,13421.0,3390,2.8476067,18493.092
Gabon,2009,1661567.0,54613.0,13575.0,3390,3.7807667,17911.146
Gabon,2010,1719883.0,56810.0,13747.0,3396,2.475569,18530.576
Gabon,2011,1781987.0,58825.0,13903.0,3387,2.5577157,19153.088
Gabon,2012,1846893.0,60005.0,14066.0,3342,2.4209757,19450.402
Gabon,2013,1913061.0,61063.0,14232.0,3270,2.840872,19836.455
Gabon,2014,1978400.0,62091.0,14387.0,3181,2.5328226,20008.99
Gabon,2015,2040990.0,63444.0,14567.0,3099,2.6574395,20147.71
Gabon,2016,2100310.0,65074.0,14753.0,3031,3.1076982,19988.176
Gabon,2017,2156902.0,66377.0,14923.0,2965,2.7806888,19555.707
Gabon,2018,2212320.0,67558.0,15086.0,2917,2.752351,19225.598
Gabon,2019,2267711.0,68362.0,15174.0,2868,2.7683704,19491.406
Gabon,2020,2322538.0,68609.0,15865.0,2807,3.440127,18681.484
Gabon,2021,2376729.0,68779.0,16168.0,2729,2.7925413,18523.58
Gabon,2022,2430750.0,68791.0,15849.0,2648,2.8908718,18662.049
Gambia,2000,1455095.0,59739.0,16487.0,6645,10.785328,2658.6177
Gambia,2001,1495023.0,60574.0,16419.0,6448,8.299257,2737.696
Gambia,2002,1535700.0,61469.0,16309.0,6262,6.2326026,2578.5571
Gambia,2003,1577619.0,62676.0,16200.0,6095,5.2970905,2682.48
Gambia,2004,1621309.0,64380.0,16098.0,5962,5.4200015,2794.1936
Gambia,2005,1667035.0,66158.0,16149.0,5866,5.386024,2653.6423
Gambia,2006,1715285.0,68412.0,16077.0,5758,5.437208,2564.6865
Gambia,2007,1765778.0,69813.0,16162.0,5648,4.9550195,2567.1572
Gambia,2008,1817859.0,71170.0,16139.0,5525,4.6593876,2649.611
Gambia,2009,1871428.0,72876.0,16297.0,5437,4.4643064,2745.3254
Gambia,2010,1926634.0,74892.0,16339.0,5340,4.1194406,2824.2126
Gambia,2011,1983785.0,76987.0,16415.0,5249,4.3696737,2519.8398
Gambia,2012,2043097.0,79300.0,16554.0,5177,4.2687225,2574.935
Gambia,2013,2103825.0,80149.0,16638.0,5054,3.9137487,2572.4473
Gambia,2014,2164535.0,79887.0,16703.0,4894,3.0523458,2465.1096
Gambia,2015,2224530.0,79517.0,16691.0,4712,3.176129,2495.9575
Gambia,2016,2283775.0,79003.0,16644.0,4519,3.1952372,2478.4604
Gambia,2017,2342191.0,78349.0,16682.0,4331,3.3544927,2533.1868
Gambia,2018,2399633.0,77566.0,16709.0,4130,3.1850123,2651.4329
Gambia,2019,2456847.0,78424.0,16728.0,3989,3.1453493,2750.8213
Gambia,2020,2515744.0,79308.0,17101.0,3863,4.0143695,2702.319
Gambia,2021,2576015.0,80297.0,18060.0,3760,3.7432148,2777.7961
Gambia,2022,2636472.0,81126.0,17491.0,3660,3.5369773,2863.1804
Georgia,2000,4328361.0,53896.0,48926.0,1951,7.194592,5706.2725
Georgia,2001,4209641.0,51559.0,47949.0,1739,7.169509,6074.0864
Georgia,2002,4127854.0,50385.0,48073.0,1563,7.8147426,6464.325
Georgia,2003,4085489.0,49565.0,47000.0,1405,8.029529,7227.737
Georgia,2004,4056076.0,49993.0,49700.0,1284,8.089108,7693.915
Georgia,2005,4026135.0,50581.0,48927.0,1175,8.077342,8485.587
Georgia,2006,3996584.0,51580.0,49367.0,1080,7.63208,9337.989
Georgia,2007,3967592.0,53922.0,50272.0,1015,7.4351783,10567.274
Georgia,2008,3941192.0,57925.0,49753.0,978,8.444241,10856.104
Georgia,2009,3918935.0,62464.0,49924.0,956,9.566816,10553.09
Georgia,2010,3895932.0,60923.0,50123.0,870,9.021237,11294.368
Georgia,2011,3868724.0,57981.0,48726.0,773,7.882243,12288.683
Georgia,2012,3839208.0,57037.0,48197.0,711,7.9516897,13193.96
Georgia,2013,3809128.0,57385.0,46990.0,671,8.005746,13913.002
Georgia,2014,3792921.0,61027.0,47682.0,668,8.294084,14475.313
Georgia,2015,3791570.0,60745.0,47404.0,646,8.659949,14936.844
Georgia,2016,3792061.0,59981.0,48448.0,619,9.072589,15442.956
Georgia,2017,3792860.0,56531.0,47998.0,578,8.701403,16237.624
Georgia,2018,3794881.0,54396.0,45833.0,547,7.755246,17228.68
Georgia,2019,3796722.0,51592.0,45872.0,514,7.312914,18186.88
Georgia,2020,3795680.0,49546.0,49205.0,486,9.2299185,17031.145
Georgia,2021,3788450.0,48797.0,58125.0,469,10.538355,18915.654
Georgia,2022,3794782.0,44065.0,46344.0,426,8.296343,20966.527
Germany,2000,81797255.0,765246.0,842094.0,4113,9.759304,49955.645
Germany,2001,81933882.0,734433.0,831801.0,3920,9.781055,50687.65
Germany,2002,82068328.0,719663.0,845078.0,3744,10.028965,50487.0
Germany,2003,82111619.0,709346.0,858172.0,3670,10.222553,50191.723
Germany,2004,82092706.0,710544.0,823277.0,3580,9.974663,50786.02
Germany,2005,82046733.0,692239.0,834531.0,3301,10.106806,51264.82
Germany,2006,81701971.0,686327.0,825844.0,3171,9.962369,53307.164
Germany,2007,81298546.0,678771.0,832286.0,3206,9.834829,54920.66
Germany,2008,81110780.0,676158.0,850069.0,2908,10.0318575,55513.758
Germany,2009,80935276.0,660439.0,860708.0,2834,10.970031,52568.797
Germany,2010,80830916.0,676779.0,861870.0,2860,10.831174,54826.254
Germany,2011,80857877.0,668838.0,855247.0,2898,10.52107,57950.957
Germany,2012,80916391.0,681427.0,872413.0,2680,10.593562,58110.375
Germany,2013,81041581.0,679660.0,899824.0,2682,10.743213,58182.08
Germany,2014,81376078.0,710760.0,876321.0,2710,10.768197,59203.234
Germany,2015,82077546.0,732501.0,931621.0,2857,10.923177,59668.99
Germany,2016,82760102.0,788207.0,916758.0,3211,10.971337,60504.586
Germany,2017,83104010.0,784399.0,938508.0,2983,11.050911,61965.434
Germany,2018,83368507.0,787696.0,961486.0,2994,11.183808,62481.117
Germany,2019,83559184.0,778799.0,946647.0,2956,11.428054,62949.895
Germany,2020,83628711.0,775194.0,990849.0,2783,12.467808,60299.58
Germany,2021,83697080.0,795669.0,956995.0,2826,12.724033,62630.773
Germany,2022,84086227.0,730553.0,1082759.0,2938,12.447083,63777.93
Ghana,2000,19637085.0,704930.0,196200.0,67913,1.6634324,3327.352
Ghana,2001,20167073.0,718360.0,198969.0,67061,1.8686633,3369.507
Ghana,2002,20729392.0,730160.0,201526.0,65979,1.9469459,3425.6182
Ghana,2003,21296710.0,740673.0,204021.0,64848,2.1493528,3507.751
Ghana,2004,21868298.0,749683.0,206353.0,63637,2.3695529,3607.3652
Ghana,2005,22449446.0,772338.0,209090.0,63029,3.273441,3721.3079
Ghana,2006,23040704.0,780543.0,211072.0,61905,3.672088,3857.8616
Ghana,2007,23642284.0,785474.0,213148.0,60472,3.7090032,3923.1257
Ghana,2008,24249945.0,795141.0,215447.0,59025,3.7253351,4174.7812
Ghana,2009,24862667.0,810162.0,217337.0,57708,4.1771774,4269.16
Ghana,2010,25475000.0,832331.0,219199.0,56547,4.5230293,4495.689
Ghana,2011,26095091.0,852913.0,221411.0,55340,4.4637465,5005.367
Ghana,2012,26734273.0,869374.0,222783.0,53954,3.9302366,5339.7134
Ghana,2013,27386193.0,882362.0,223724.0,52466,4.592254,5593.775
Ghana,2014,28041592.0,884637.0,223798.0,50631,4.0164413,5619.0723
Ghana,2015,28696071.0,892841.0,225111.0,48985,4.5429926,5607.366
Ghana,2016,29356736.0,885765.0,225850.0,46970,3.3903582,5666.078
Ghana,2017,30008364.0,868011.0,226811.0,44608,2.6878698,5993.631
Ghana,2018,30637592.0,869738.0,228182.0,42855,2.4300117,6234.512
Ghana,2019,31258943.0,871853.0,229443.0,41272,3.2545047,6508.2466
Ghana,2020,31887802.0,874684.0,237220.0,39801,4.433171,6412.6855
Ghana,2021,32518662.0,879105.0,243293.0,38481,3.8603086,6607.503
Ghana,2022,33149152.0,881635.0,235201.0,37244,3.6745915,6728.454
Greece,2000,10782638.0,106714.0,104968.0,672,7.5138893,31386.64
Greece,2001,10843166.0,106792.0,102535.0,636,8.24546,32675.93
Greece,2002,10890287.0,107716.0,103812.0,603,8.469987,34081.027
Greece,2003,10918467.0,107321.0,105880.0,567,8.68254,35970.703
Greece,2004,10947369.0,107602.0,105617.0,534,8.300022,37811.492
Greece,2005,10981340.0,108760.0,105137.0,511,8.761179,38146.965
Greece,2006,11016107.0,111920.0,106931.0,501,8.395969,40483.156
Greece,2007,11045737.0,112280.0,111030.0,486,8.523049,41796.234
Greece,2008,11076874.0,117689.0,109146.0,489,8.948102,41709.387
Greece,2009,11108067.0,117910.0,109330.0,483,9.535813,39886.215
Greece,2010,11124666.0,114952.0,110511.0,471,9.619525,37566.75
Greece,2011,11108838.0,106648.0,112954.0,442,9.18577,33906.492
Greece,2012,11048291.0,100775.0,118408.0,423,9.043278,31250.227
Greece,2013,10967534.0,94435.0,113618.0,399,8.521839,30762.443
Greece,2014,10893169.0,92392.0,115949.0,389,7.943586,31213.377
Greece,2015,10820902.0,92051.0,122896.0,385,8.2671995,31347.977
Greece,2016,10775506.0,93010.0,119987.0,389,8.450975,31468.62
Greece,2017,10753532.0,88544.0,126469.0,376,8.113369,31995.41
Greece,2018,10730846.0,86431.0,122306.0,363,8.072678,32722.33
Greece,2019,10718581.0,83587.0,126944.0,350,8.117095,33502.75
Greece,2020,10699370.0,84746.0,122910.0,324,9.380745,30487.113
Greece,2021,10579561.0,86163.0,133681.0,353,9.031787,33528.227
Greece,2022,10412481.0,74165.0,146529.0,407,8.449383,35828.176
Grenada,2000,107466.0,1881.0,778.0,30,5.358864,11625.051
Grenada,2001,107998.0,1866.0,786.0,30,5.62457,11333.237
Grenada,2002,108414.0,1865.0,788.0,29,6.1756973,11677.703
Grenada,2003,108895.0,1867.0,795.0,28,5.2848573,12726.526
Grenada,2004,109338.0,1866.0,834.0,35,5.3656845,12593.3545
Grenada,2005,109744.0,1868.0,794.0,27,5.144603,14211.843
Grenada,2006,110149.0,1862.0,795.0,27,5.1135216,13594.355
Grenada,2007,110532.0,1857.0,801.0,27,5.238679,14376.282
Grenada,2008,110911.0,1849.0,806.0,27,5.386199,14463.56
Grenada,2009,111266.0,1836.0,814.0,27,5.43471,13463.58
Grenada,2010,111600.0,1815.0,825.0,26,5.418812,13354.908
Grenada,2011,112093.0,1795.0,838.0,26,5.8042336,13397.85
Grenada,2012,112792.0,1780.0,859.0,26,5.8223577,13161.3955
Grenada,2013,113499.0,1748.0,871.0,27,5.626529,13386.319
Grenada,2014,114148.0,1658.0,891.0,26,4.7735357,14287.954
Grenada,2015,114691.0,1589.0,911.0,26,4.646756,15136.696
Grenada,2016,115147.0,1503.0,928.0,25,4.4391003,15640.827
Grenada,2017,115448.0,1344.0,946.0,22,4.6570106,16291.489
Grenada,2018,115703.0,1434.0,965.0,23,4.5837374,16964.852
Grenada,2019,115995.0,1446.0,986.0,22,4.931896,17036.916
Grenada,2020,116353.0,1434.0,998.0,22,5.3060255,14647.745
Grenada,2021,116696.0,1417.0,1071.0,22,5.2796345,15290.251
Grenada,2022,116928.0,1395.0,1026.0,22,4.9970126,16376.428
Guatemala,2000,11697592.0,406001.0,73110.0,21026,5.396861,8770.408
Guatemala,2001,11969423.0,408833.0,73328.0,20339,6.070237,8771.159
Guatemala,2002,12246923.0,407419.0,73155.0,19530,6.013013,8901.54
Guatemala,2003,12525843.0,406709.0,73167.0,18738,6.1530685,8926.158
Guatemala,2004,12807409.0,406322.0,74629.0,17989,6.261828,9003.861
Guatemala,2005,13087637.0,402792.0,76981.0,17731,6.148264,9099.728
Guatemala,2006,13367455.0,401350.0,75743.0,16436,6.363622,9386.006
Guatemala,2007,13652042.0,401667.0,75372.0,15783,6.1918335,9772.81
Guatemala,2008,13935172.0,399639.0,76411.0,15124,6.0813,9889.577
Guatemala,2009,14215614.0,400873.0,77546.0,14501,6.3393865,9740.714
Guatemala,2010,14500118.0,403407.0,78602.0,14035,6.1247797,9825.022
Guatemala,2011,14792123.0,407013.0,78479.0,13546,5.963069,10032.094
Guatemala,2012,15089639.0,410910.0,78536.0,13078,6.0731697,10126.833
Guatemala,2013,15387339.0,411093.0,79762.0,12584,5.771889,10297.839
Guatemala,2014,15681725.0,415053.0,81499.0,12192,5.8885684,10553.564
Guatemala,2015,15971745.0,418818.0,83736.0,11899,6.00602,10785.958
Guatemala,2016,16268761.0,422285.0,84175.0,11479,6.070082,10872.594
Guatemala,2017,16567363.0,417021.0,84187.0,10990,6.135638,11005.459
Guatemala,2018,16845688.0,409597.0,86510.0,10538,6.106627,11192.372
Guatemala,2019,17103803.0,394906.0,87529.0,9811,6.1744328,11466.377
Guatemala,2020,17357331.0,382615.0,101281.0,9196,6.4591527,11097.15
Guatemala,2021,17598652.0,376735.0,121587.0,8737,7.356989,11825.142
Guatemala,2022,17847877.0,375923.0,94247.0,8383,7.167879,12144.48
Guinea,2000,8428837.0,352603.0,125528.0,57831,4.7410135,2358.2876
Guinea,2001,8539963.0,352857.0,125212.0,55930,4.8843303,2412.7517
Guinea,2002,8674072.0,351824.0,122796.0,53783,5.3565373,2498.1318
Guinea,2003,8870790.0,357353.0,122582.0,52313,4.772165,2473.2341
Guinea,2004,9062724.0,364717.0,122640.0,51321,4.776328,2477.503
Guinea,2005,9245844.0,373629.0,122428.0,50610,4.034527,2501.2217
Guinea,2006,9441174.0,380546.0,122030.0,50030,3.615269,2478.6133
Guinea,2007,9662278.0,388487.0,122426.0,49737,3.4826248,2587.005
Guinea,2008,9898870.0,396750.0,122426.0,49445,3.2656171,2629.5398
Guinea,2009,10143540.0,405016.0,123089.0,49401,3.5814664,2537.3064
Guinea,2010,10396090.0,412048.0,123533.0,49289,3.4278173,2594.8306
Guinea,2011,10656812.0,417378.0,124054.0,49114,3.789551,2673.4087
Guinea,2012,10921580.0,422661.0,124578.0,48935,3.5039852,2762.9036
Guinea,2013,11191874.0,429537.0,125104.0,48770,3.4610865,2802.56
Guinea,2014,11472921.0,436496.0,126961.0,49046,4.787992,2834.9663
Guinea,2015,11767077.0,444411.0,127802.0,48982,5.8091927,2869.8516
Guinea,2016,12073031.0,451706.0,127088.0,48407,5.3969493,3099.7888
Guinea,2017,12385668.0,456923.0,128383.0,48217,3.9151273,3332.7659
Guinea,2018,12704776.0,461550.0,128958.0,47791,3.73843,3455.645
Guinea,2019,13034349.0,468606.0,129624.0,47396,4.0887623,3557.4624
Guinea,2020,13371185.0,474920.0,132627.0,46950,3.9009452,3630.9934
Guinea,2021,13710515.0,479631.0,134512.0,46334,3.7175858,3738.8052
Guinea,2022,14055136.0,483229.0,130720.0,45619,3.832927,3792.0107
Guinea-Bissau,2000,1234747.0,52286.0,19469.0,8831,4.1895323,1974.7446
Guinea-Bissau,2001,1261281.0,52713.0,19250.0,8639,4.1289153,2025.7268
Guinea-Bissau,2002,1289317.0,53588.0,19029.0,8461,3.8728,2054.0898
Guinea-Bissau,2003,1318809.0,54461.0,18812.0,8281,3.5020142,2002.4021
Guinea-Bissau,2004,1349569.0,55063.0,18570.0,8078,4.270702,1979.6979
Guinea-Bissau,2005,1381590.0,56053.0,18703.0,7999,4.534625,2060.6667
Guinea-Bissau,2006,1415315.0,56970.0,18083.0,7671,5.078262,2065.2122
Guinea-Bissau,2007,1450989.0,58062.0,17772.0,7463,4.925734,2065.9897
Guinea-Bissau,2008,1488059.0,58551.0,17711.0,7291,5.352398,2105.6738
Guinea-Bissau,2009,1526384.0,59144.0,17196.0,6969,4.610632,2103.058
Guinea-Bissau,2010,1566352.0,60004.0,16931.0,6739,4.871337,2164.2683
Guinea-Bissau,2011,1608084.0,61137.0,16735.0,6540,6.216348,2278.5476
Guinea-Bissau,2012,1651425.0,62056.0,16574.0,6359,5.941348,2180.7434
Guinea-Bissau,2013,1695980.0,62889.0,16421.0,6185,7.0394344,2192.5928
Guinea-Bissau,2014,1741126.0,62847.0,16226.0,5977,9.968974,2156.3364
Guinea-Bissau,2015,1786461.0,62882.0,16040.0,5766,8.132282,2230.53
Guinea-Bissau,2016,1831898.0,62682.0,15866.0,5556,8.3288145,2293.3787
Guinea-Bissau,2017,1877074.0,62011.0,15692.0,5329,7.0004954,2342.561
Guinea-Bissau,2018,1922167.0,62228.0,15571.0,5138,7.2816496,2373.6494
Guinea-Bissau,2019,1967704.0,62667.0,15472.0,4976,7.146021,2442.2588
Guinea-Bissau,2020,2013259.0,63229.0,16511.0,4839,8.988988,2456.0115
Guinea-Bissau,2021,2058841.0,63759.0,16518.0,4706,8.397949,2522.1287
Guinea-Bissau,2022,2105535.0,64131.0,15210.0,4572,8.337527,2600.8025
Guyana,2000,764836.0,20062.0,5937.0,948,3.1873794,8025.2935
Guyana,2001,764484.0,19142.0,5830.0,887,3.0550678,8212.043
Guyana,2002,763657.0,18147.0,5931.0,823,3.193538,8314.027
Guyana,2003,763107.0,17325.0,5980.0,768,3.268842,8267.429
Guyana,2004,762424.0,16789.0,6019.0,724,3.4377043,8404.2
Guyana,2005,760922.0,16485.0,6029.0,707,3.7940974,8256.525
Guyana,2006,758976.0,16485.0,5957.0,669,3.9314446,8702.331
Guyana,2007,756874.0,16565.0,5825.0,655,4.281262,9354.08
Guyana,2008,754614.0,16623.0,5830.0,648,4.202422,9546.709
Guyana,2009,752097.0,16588.0,5829.0,629,4.3511715,9924.526
Guyana,2010,749259.0,16527.0,5879.0,614,4.218977,10374.395
Guyana,2011,746161.0,16604.0,5890.0,603,4.172135,10958.86
Guyana,2012,746296.0,16656.0,6024.0,591,3.708187,11534.999
Guyana,2013,750020.0,16922.0,6037.0,585,3.802313,11896.907
Guyana,2014,754231.0,17050.0,5902.0,573,3.9475543,12030.053
Guyana,2015,758783.0,17084.0,5879.0,561,4.022648,12040.083
Guyana,2016,763553.0,17052.0,5888.0,544,4.018421,12420.473
Guyana,2017,768483.0,16940.0,5836.0,526,4.3191123,12801.641
Guyana,2018,791563.0,16809.0,5862.0,507,4.9049253,12980.357
Guyana,2019,807668.0,17725.0,6058.0,513,4.903315,13402.422
Guyana,2020,807486.0,17163.0,6854.0,486,5.375106,19234.13
Guyana,2021,815484.0,17093.0,8966.0,470,4.643265,22865.928
Guyana,2022,821638.0,17047.0,6005.0,452,2.5245636,37068.2
Haiti,2000,8303151.0,266970.0,86293.0,27479,3.991657,3237.5308
Haiti,2001,8455917.0,264483.0,85740.0,26543,3.7502923,3168.1445
Haiti,2002,8607648.0,263154.0,85027.0,25612,3.4325013,3145.0369
Haiti,2003,8759913.0,264233.0,84688.0,24924,3.5369532,3197.9365
Haiti,2004,8910267.0,264117.0,90042.0,26627,3.4292843,3102.5417
Haiti,2005,9061274.0,264206.0,83594.0,23533,3.3055465,3144.5635
Haiti,2006,9216569.0,266186.0,83318.0,23009,3.480139,3146.2634
Haiti,2007,9373300.0,267607.0,83382.0,22617,3.647341,3239.2576
Haiti,2008,9530782.0,269555.0,84196.0,22376,3.7572205,3270.4128
Haiti,2009,9689585.0,271900.0,84104.0,21830,3.5027738,3406.295
Haiti,2010,9803299.0,271749.0,175782.0,38738,4.5487103,3176.5095
Haiti,2011,9914904.0,271233.0,86537.0,21432,5.911978,3300.8745
Haiti,2012,10069770.0,268713.0,85009.0,20443,5.5646234,3266.4382
Haiti,2013,10222365.0,266448.0,84988.0,19719,4.1052403,3356.8374
Haiti,2014,10373241.0,267118.0,85107.0,19150,4.520358,3403.575
Haiti,2015,10523249.0,267758.0,85693.0,18679,5.0751815,3402.0283
Haiti,2016,10671462.0,267875.0,86966.0,18384,4.8076057,3415.5823
Haiti,2017,10817759.0,266599.0,86297.0,17545,3.819939,3453.9714
Haiti,2018,10962373.0,265528.0,86899.0,16969,4.316503,3465.255
Haiti,2019,11105165.0,264011.0,87459.0,16392,3.9110792,3361.7532
Haiti,2020,11243846.0,262412.0,93140.0,15822,3.7865195,3210.5361
Haiti,2021,11374592.0,260695.0,101701.0,15702,3.5773985,3116.565
Haiti,2022,11503603.0,259375.0,95160.0,14893,3.2075508,3029.7786
Honduras,2000,6577781.0,224798.0,34489.0,8295,6.26818,4579.6895
Honduras,2001,6757992.0,225424.0,34782.0,7994,5.929983,4578.9478
Honduras,2002,6938866.0,224644.0,34996.0,7648,6.2445755,4627.023
Honduras,2003,7119213.0,223226.0,35373.0,7302,6.890047,4714.867
Honduras,2004,7299003.0,222525.0,35746.0,6966,6.8548436,4885.343
Honduras,2005,7478362.0,221456.0,36242.0,6665,7.500864,5056.6753
Honduras,2006,7656832.0,220077.0,36707.0,6342,7.863187,5263.1504
Honduras,2007,7834806.0,220265.0,37212.0,6085,8.0849495,5461.9014
Honduras,2008,8012590.0,220548.0,37941.0,5893,8.603626,5566.7065
Honduras,2009,8189904.0,220803.0,38548.0,5634,8.995925,5313.756
Honduras,2010,8365881.0,220160.0,39839.0,5517,8.725364,5396.0723
Honduras,2011,8540587.0,220138.0,39971.0,5237,8.79187,5488.4336
Honduras,2012,8715081.0,220540.0,40165.0,5035,8.656551,5600.608
Honduras,2013,8889276.0,220481.0,40486.0,4856,8.47723,5644.134
Honduras,2014,9063127.0,221033.0,40954.0,4692,7.9145575,5705.1626
Honduras,2015,9237306.0,222474.0,41372.0,4544,7.4837904,5812.5347
Honduras,2016,9412380.0,224051.0,41812.0,4413,7.709445,5926.49
Honduras,2017,9588144.0,225361.0,42623.0,4286,7.0066886,6099.6074
Honduras,2018,9765209.0,228432.0,43471.0,4177,7.2282066,6219.28
Honduras,2019,9943637.0,229805.0,44607.0,4085,7.3431664,6264.019
Honduras,2020,10119638.0,230759.0,51201.0,3976,9.219124,5603.264
Honduras,2021,10289881.0,231824.0,58924.0,3823,9.273115,6202.981
Honduras,2022,10463880.0,232735.0,46487.0,3711,8.154528,6352.587
Hungary,2000,10190598.0,97513.0,134857.0,1068,6.7697926,22117.92
Hungary,2001,10166693.0,97095.0,131367.0,906,6.8197937,23069.21
Hungary,2002,10138461.0,96728.0,132100.0,841,7.118116,24229.295
Hungary,2003,10108970.0,94772.0,135114.0,809,8.129865,25255.871
Hungary,2004,10085788.0,95319.0,131854.0,749,7.7659206,26568.12
Hungary,2005,10065703.0,97761.0,134954.0,736,7.992485,27765.79
Hungary,2006,10049946.0,99808.0,130950.0,704,7.7855644,28903.047
Hungary,2007,10034084.0,98015.0,132186.0,686,7.2071915,29044.066
Hungary,2008,10016653.0,98863.0,129398.0,651,7.092757,29384.008
Hungary,2009,10001381.0,96291.0,129763.0,577,7.2366724,27445.959
Hungary,2010,9979128.0,90709.0,129618.0,552,7.464204,27801.834
Hungary,2011,9946675.0,89092.0,127537.0,531,7.4934225,28415.117
Hungary,2012,9916621.0,90042.0,128855.0,513,7.430477,28179.656
Hungary,2013,9889344.0,89379.0,126033.0,522,7.2364535,28891.021
Hungary,2014,9862843.0,92338.0,125902.0,498,7.0419235,30264.95
Hungary,2015,9839211.0,91977.0,131112.0,473,6.8501935,31485.568
Hungary,2016,9810529.0,94367.0,126512.0,448,6.9675264,32378.967
Hungary,2017,9785608.0,93191.0,131175.0,398,6.7333837,33828.715
Hungary,2018,9774395.0,91697.0,130529.0,370,6.554605,35798.043
Hungary,2019,9770346.0,91271.0,129065.0,402,6.2467785,37662.676
Hungary,2020,9749459.0,93065.0,140529.0,374,7.230515,36119.52
Hungary,2021,9707848.0,93719.0,158980.0,363,7.3352485,38887.19
Hungary,2022,9684308.0,89766.0,133844.0,381,6.6474123,40610.973
Iceland,2000,281293.0,4279.0,1829.0,17,8.899243,50227.84
Iceland,2001,285058.0,4087.0,1733.0,16,8.752662,51468.33
Iceland,2002,287609.0,4062.0,1834.0,17,9.403825,51287.594
Iceland,2003,289616.0,4162.0,1844.0,15,9.729302,52095.64
Iceland,2004,292172.0,4235.0,1840.0,15,9.328544,55576.61
Iceland,2005,296852.0,4248.0,1855.0,15,8.94695,58549.137
Iceland,2006,303883.0,4371.0,1915.0,12,8.557091,60434.383
Iceland,2007,311662.0,4493.0,1954.0,16,8.353586,64075.31
Iceland,2008,317519.0,4801.0,2002.0,18,8.343708,63963.76
Iceland,2009,318619.0,5066.0,2017.0,14,8.775185,58441.273
Iceland,2010,318163.0,4924.0,2030.0,17,8.361731,57225.1
Iceland,2011,319139.0,4525.0,2002.0,9,8.254989,57837.86
Iceland,2012,320851.0,4536.0,1979.0,10,8.230912,58203.637
Iceland,2013,323891.0,4326.0,2164.0,14,8.226513,59729.543
Iceland,2014,327517.0,4356.0,2064.0,13,8.290442,60199.2
Iceland,2015,330962.0,4129.0,2194.0,15,8.13122,61820.363
Iceland,2016,335571.0,4013.0,2332.0,8,8.155691,64759.227
Iceland,2017,343537.0,4004.0,2245.0,15,8.324308,65462.504
Iceland,2018,352860.0,4169.0,2269.0,12,8.438176,66703.02
Iceland,2019,360709.0,4403.0,2284.0,9,8.639963,65994.984
Iceland,2020,366626.0,4486.0,2316.0,16,9.649089,60617.145
Iceland,2021,372647.0,4819.0,2345.0,21,9.720737,62720.793
Iceland,2022,380368.0,4334.0,2823.0,8,9.081453,66581.24
India,2000,1057922731.0,29111712.0,9127431.0,2636156,4.1056848,3010.4216
India,2001,1077898579.0,29324930.0,9143228.0,2555847,4.3375425,3097.1624
India,2002,1097600380.0,29128216.0,9103548.0,2449264,4.3145337,3157.269
India,2003,1116803000.0,28794442.0,9074469.0,2332103,4.0787773,3346.8882
India,2004,1135991509.0,28537736.0,9067053.0,2219553,4.026795,3551.0474
India,2005,1154676321.0,28063000.0,9027961.0,2093819,3.8550828,3770.3965
India,2006,1172878888.0,27637610.0,8995893.0,1970158,3.6690154,4011.0864
India,2007,1190676028.0,27304620.0,8972698.0,1854649,3.58104,4253.8213
India,2008,1207930960.0,27186092.0,8950894.0,1751160,3.5885608,4322.484
India,2009,1225524764.0,27219668.0,8934340.0,1659915,3.546377,4595.38
India,2010,1243481565.0,26900712.0,8908601.0,1560786,3.3362591,4913.8765
India,2011,1261224956.0,26681992.0,8889393.0,1465550,3.2463422,5098.675
India,2012,1278674501.0,26432416.0,8879964.0,1373272,3.3293529,5303.502
India,2013,1295829507.0,25995998.0,8888126.0,1281925,3.7494419,5567.4946
India,2014,1312277184.0,25050538.0,8884412.0,1172690,3.6195655,5905.106
India,2015,1328024494.0,25147252.0,8936426.0,1098967,3.5956597,6301.6733
India,2016,1343944296.0,25207148.0,9004539.0,1034488,3.5043042,6741.149
India,2017,1359657398.0,24466744.0,9072749.0,955501,2.9359765,7116.0366
India,2018,1374659067.0,24620204.0,9169449.0,899927,2.8584938,7492.626
India,2019,1389030307.0,24124984.0,9264486.0,837527,2.952998,7702.1763
India,2020,1402617694.0,23485340.0,10118286.0,774068,3.341461,7186.8643
India,2021,1414203896.0,23321852.0,13093783.0,724076,3.3468094,7818.657
India,2022,1425423209.0,23286124.0,9373180.0,682130,3.396235,8347.385
Indonesia,2000,216077789.0,4686376.0,1605637.0,246038,1.8529766,6056.382
Indonesia,2001,219097905.0,4685685.0,1619259.0,234154,2.1185021,6190.5195
Indonesia,2002,222088499.0,4687565.0,1624574.0,223053,1.9806271,6381.9497
Indonesia,2003,225048005.0,4688692.0,1650939.0,213070,2.2483718,6599.092
Indonesia,2004,227926649.0,4739873.0,1845607.0,234039,2.1200228,6843.5464
Indonesia,2005,230871648.0,4852370.0,1702851.0,199741,2.531894,7140.8545
Indonesia,2006,233951650.0,4899748.0,1736657.0,194651,2.6194642,7434.488
Indonesia,2007,237062338.0,4970646.0,1759193.0,188184,2.8238556,7802.464
Indonesia,2008,240157902.0,4925996.0,1787618.0,179857,2.548423,8165.0615
Indonesia,2009,243220024.0,4955500.0,1814615.0,173564,2.623241,8435.456
Indonesia,2010,246305327.0,5015256.0,1854127.0,168390,2.7908783,8848.225
Indonesia,2011,249470029.0,5141881.0,1875287.0,164703,2.9894247,9274.97
Indonesia,2012,252698525.0,5157679.0,1897862.0,159191,2.9142709,9708.612
Indonesia,2013,255852464.0,5025781.0,1921332.0,150519,2.869348,10121.814
Indonesia,2014,258877395.0,4942318.0,1941415.0,142632,2.9643357,10504.387
Indonesia,2015,261799249.0,4861441.0,1962168.0,135080,2.9242852,10893.662
Indonesia,2016,264627429.0,4799811.0,1985267.0,128284,3.021472,11319.663
Indonesia,2017,267346654.0,4689219.0,2006818.0,120836,2.904172,11772.574
Indonesia,2018,269951847.0,4628645.0,2041289.0,115463,2.8675783,12262.231
Indonesia,2019,272489381.0,4607562.0,2059519.0,109819,2.878629,12757.785
Indonesia,2020,274814861.0,4582350.0,2430253.0,105154,3.420673,12388.545
Indonesia,2021,276758056.0,4543453.0,2779186.0,100618,3.7063494,12757.074
Indonesia,2022,278830527.0,4518308.0,2088878.0,96506,2.6938975,13334.266
Iran,2000,66418661.0,1060427.0,329235.0,38363,4.7225084,11643.122
Iran,2001,67452005.0,1074860.0,331192.0,36751,5.1608734,11739.009
Iran,2002,68011318.0,1084609.0,332396.0,34783,4.651822,12583.045
Iran,2003,68769343.0,1091911.0,359340.0,35905,4.9558916,13519.45
Iran,2004,70256316.0,1136441.0,335275.0,31878,5.128014,13807.195
Iran,2005,71828455.0,1176881.0,339625.0,31053,5.2999616,13935.774
Iran,2006,73392747.0,1227485.0,342952.0,30125,5.159909,14320.657
Iran,2007,74602648.0,1266093.0,346805.0,29097,4.911882,15237.424
Iran,2008,75514201.0,1290890.0,349934.0,28031,5.0399046,15091.251
Iran,2009,76457831.0,1311757.0,353497.0,26926,6.1149344,15055.149
Iran,2010,77420851.0,1337544.0,357131.0,26006,6.2915306,15729.913
Iran,2011,78383602.0,1385254.0,361384.0,25459,6.09788,15947.766
Iran,2012,79370583.0,1439653.0,365818.0,25065,6.1223536,15159.295
Iran,2013,80414689.0,1490131.0,370617.0,24741,5.736978,14734.74
Iran,2014,81502045.0,1534518.0,375961.0,24436,6.8153954,15262.852
Iran,2015,82619365.0,1559766.0,381416.0,23957,8.382327,14841.905
Iran,2016,83812230.0,1574609.0,387611.0,23328,7.8028502,15920.372
Iran,2017,85026761.0,1534302.0,393723.0,22194,7.7180123,16167.968
Iran,2018,86117999.0,1435027.0,400017.0,20273,6.635717,15364.805
Iran,2019,87051649.0,1298600.0,405566.0,18096,6.2342677,14841.075
Iran,2020,87723448.0,1228854.0,564815.0,16663,4.9609814,15381.585
Iran,2021,88455490.0,1210703.0,564944.0,16016,4.858866,15884.428
Iran,2022,89524247.0,1191945.0,438359.0,14901,5.627941,16377.961
Iraq,2003,26802660.0,925338.0,179180.0,38240,2.996936,6849.332
Iraq,2004,27577876.0,947136.0,185576.0,38156,3.9012864,10210.563
Iraq,2005,28407450.0,964267.0,187653.0,38006,3.0170465,10078.443
Iraq,2006,28616518.0,1000546.0,203201.0,38281,2.4937043,10568.914
Iraq,2007,28391606.0,979591.0,195478.0,36555,3.2148056,10853.816
Iraq,2008,28971042.0,974852.0,172475.0,35424,3.0660424,11511.938
Iraq,2009,30058207.0,1019814.0,164731.0,36071,3.77204,11470.518
Iraq,2010,31045367.0,1074309.0,167941.0,36807,3.2395535,11816.841
Iraq,2011,32161425.0,1141502.0,170418.0,37619,2.8031638,12267.585
Iraq,2012,33654843.0,1172290.0,172324.0,37728,2.6936586,13357.015
Iraq,2013,35281987.0,1204531.0,178484.0,38347,2.8086846,13712.932
Iraq,2014,36550058.0,1218190.0,177448.0,36978,2.7878666,13536.823
Iraq,2015,37560535.0,1185490.0,177914.0,35501,3.1558704,13516.027
Iraq,2016,38469628.0,1146998.0,200059.0,33237,4.5725303,15016.092
Iraq,2017,39337358.0,1113403.0,188909.0,31238,4.089444,14417.631
Iraq,2018,40265629.0,1113895.0,175614.0,30257,4.0760064,14456.235
Iraq,2019,41192172.0,1122563.0,179600.0,29592,4.207232,14910.225
Iraq,2020,42116602.0,1130421.0,210458.0,28984,5.7276616,12827.635
Iraq,2021,43071208.0,1139167.0,197245.0,27844,5.1418,12731.754
Iraq,2022,44070556.0,1145989.0,183520.0,27053,4.3322635,13433.397
Ireland,2000,3802589.0,54379.0,31184.0,383,5.8990283,53582.832
Ireland,2001,3862981.0,57094.0,30021.0,420,6.3924937,55534.57
Ireland,2002,3928441.0,59929.0,29580.0,376,6.6726303,57828.01
Ireland,2003,3992935.0,61074.0,28960.0,376,7.007614,58608.336
Ireland,2004,4066066.0,61297.0,28473.0,333,7.2197294,61452.867
Ireland,2005,4155283.0,60653.0,28119.0,286,7.642428,63579.715
Ireland,2006,4268775.0,64292.0,28345.0,297,7.51647,64975.41
Ireland,2007,4393518.0,70395.0,27850.0,290,7.8077374,66475.84
Ireland,2008,4485992.0,74966.0,27976.0,343,9.125648,62213.645
Ireland,2009,4533750.0,76014.0,27958.0,311,10.522758,58446.727
Ireland,2010,4559084.0,75667.0,27583.0,324,10.520628,59107.42
Ireland,2011,4579603.0,74428.0,27965.0,297,10.488865,59797.055
Ireland,2012,4600135.0,72217.0,28661.0,281,10.474669,59303.03
Ireland,2013,4624686.0,69318.0,29034.0,294,10.0333,60285.24
Ireland,2014,4658236.0,67413.0,28732.0,267,9.230779,65463.195
Ireland,2015,4702497.0,65608.0,29619.0,262,7.078278,80815.64
Ireland,2016,4753506.0,63823.0,30127.0,227,7.3382206,80760.09
Ireland,2017,4810258.0,61783.0,29817.0,217,6.917186,87731.79
Ireland,2018,4872559.0,60961.0,30625.0,196,6.7471085,93115.836
Ireland,2019,4933493.0,59149.0,30669.0,216,6.6186056,96205.8
Ireland,2020,4982602.0,56491.0,32147.0,186,6.9732327,101793.445
Ireland,2021,5028428.0,60066.0,35943.0,212,6.441135,116702.86
Ireland,2022,5110015.0,53241.0,35140.0,184,6.0207825,123007.48
Israel,2000,6111194.0,131441.0,34371.0,901,6.594219,33278.543
Israel,2001,6259977.0,132988.0,34526.0,862,6.9991426,32591.21
Israel,2002,6387714.0,136567.0,35622.0,921,6.907675,31892.54
Israel,2003,6502821.0,141063.0,35925.0,898,6.8497596,31771.21
Israel,2004,6615084.0,139688.0,35466.0,811,6.79697,32665.854
Israel,2005,6728212.0,139012.0,36452.0,775,6.8828454,33491.992
Israel,2006,6844029.0,142801.0,36129.0,767,6.7000074,34744.867
Israel,2007,6962456.0,146003.0,36934.0,724,6.6725616,36288.066
Israel,2008,7082621.0,150412.0,36773.0,739,6.806683,36795.48
Israel,2009,7206096.0,154212.0,36141.0,734,6.8699236,36364.785
Israel,2010,7336735.0,159952.0,36919.0,723,6.8503833,37686.344
Israel,2011,7471023.0,160672.0,38509.0,696,6.8059497,39036.023
Israel,2012,7607781.0,164233.0,39901.0,711,6.9418526,39245.508
Israel,2013,7749369.0,164976.0,39724.0,646,6.940744,40095.477
Israel,2014,7897173.0,168979.0,41012.0,666,7.0299053,40795.63
Israel,2015,8052916.0,171255.0,42803.0,639,7.0209064,40889.598
Israel,2016,8210006.0,174190.0,42484.0,635,7.0991917,41914.582
Israel,2017,8361796.0,176495.0,43448.0,665,7.171894,42895.586
Israel,2018,8510067.0,177004.0,43652.0,643,7.2355037,43782.652
Israel,2019,8657466.0,174772.0,45066.0,634,7.207019,44492.12
Israel,2020,8800380.0,171034.0,47643.0,483,7.7480187,42926.543
Israel,2021,8942925.0,177692.0,49411.0,630,7.8396106,46151.1
Israel,2022,9103143.0,174982.0,49683.0,596,7.12005,48132.363
Italy,2000,57272200.0,540787.0,558196.0,2858,7.5470123,50353.42
Italy,2001,57305760.0,534531.0,554964.0,2923,7.7111583,51332.29
Italy,2002,57420636.0,535827.0,558423.0,2807,7.836389,51369.113
Italy,2003,57739697.0,540069.0,581774.0,2388,7.8067093,51126.258
Italy,2004,58176736.0,559657.0,540432.0,2491,8.137269,51495.004
Italy,2005,58519696.0,553647.0,563627.0,2330,8.309068,51585.645
Italy,2006,58754434.0,559082.0,554318.0,2276,8.39791,52304.242
Italy,2007,59108723.0,560914.0,568203.0,2178,8.101672,52747.19
Italy,2008,59561687.0,574158.0,578567.0,2257,8.501575,51806.39
Italy,2009,59904016.0,569050.0,586205.0,2277,8.9129095,48774.39
Italy,2010,60164212.0,562390.0,582909.0,2114,8.87929,49301.695
Italy,2011,60367882.0,547811.0,592883.0,1985,8.728508,49473.016
Italy,2012,60531522.0,533355.0,612076.0,1888,8.798343,47795.957
Italy,2013,60653864.0,511406.0,598587.0,1795,8.789764,46833.363
Italy,2014,60664169.0,496200.0,599170.0,1638,8.859136,46825.652
Italy,2015,60575314.0,479589.0,646394.0,1641,8.845967,47311.824
Italy,2016,60478103.0,467188.0,618760.0,1524,8.72044,47987.84
Italy,2017,60390317.0,452694.0,656416.0,1561,8.690605,48849.22
Italy,2018,60277496.0,434892.0,635638.0,1496,8.654675,49355.875
Italy,2019,60130136.0,419609.0,643912.0,1258,8.615368,49690.63
Italy,2020,59912763.0,408035.0,750382.0,1189,9.564303,45505.07
Italy,2021,59729353.0,407050.0,674149.0,1109,9.281645,49825.395
Italy,2022,59619106.0,399735.0,741667.0,1529,8.850229,52333.33
Jamaica,2000,2607827.0,52498.0,18046.0,1106,5.978692,9667.925
Jamaica,2001,2624410.0,51636.0,17967.0,1073,5.1565294,9736.0625
Jamaica,2002,2640582.0,51305.0,17737.0,1034,5.5793414,9869.713
Jamaica,2003,2656629.0,50977.0,17641.0,999,4.9923925,10169.75
Jamaica,2004,2672227.0,50225.0,17722.0,980,5.8376675,10244.207
Jamaica,2005,2687070.0,49327.0,17827.0,954,5.8210487,10278.684
Jamaica,2006,2700973.0,48211.0,17998.0,931,5.5102234,10522.236
Jamaica,2007,2713808.0,46970.0,18084.0,906,6.191096,10622.444
Jamaica,2008,2725633.0,45610.0,18061.0,883,6.6553397,10490.469
Jamaica,2009,2737001.0,44233.0,17916.0,853,6.370216,9992.977
Jamaica,2010,2748573.0,42755.0,17722.0,828,6.4421926,9805.901
Jamaica,2011,2760493.0,41214.0,17588.0,794,6.523178,9932.483
Jamaica,2012,2772432.0,39948.0,17629.0,766,6.186029,9829.035
Jamaica,2013,2783689.0,38913.0,17878.0,743,6.284533,9839.965
Jamaica,2014,2793756.0,38052.0,18297.0,723,6.286739,9872.159
Jamaica,2015,2802536.0,37324.0,18840.0,706,6.6147714,9931.898
Jamaica,2016,2809919.0,36364.0,19421.0,688,6.5901823,10179.254
Jamaica,2017,2815765.0,35458.0,20044.0,673,6.9847693,10391.038
Jamaica,2018,2820103.0,34701.0,20779.0,671,6.838845,10636.093
Jamaica,2019,2823275.0,34357.0,21265.0,670,6.9694557,10816.372
Jamaica,2020,2830745.0,34014.0,21843.0,657,7.475553,9891.97
Jamaica,2021,2837680.0,33921.0,27537.0,656,8.002617,10430.691
Jamaica,2022,2839150.0,33658.0,22437.0,654,8.653387,11096.638
Japan,2000,127027794.0,1197065.0,994661.0,5369,7.0345616,39731.797
Japan,2001,127260144.0,1180835.0,1001554.0,5007,7.239479,39748.984
Japan,2002,127484599.0,1163599.0,1014397.0,4776,7.352354,39690.367
Japan,2003,127671254.0,1137890.0,1049519.0,4559,7.4865484,40152.13
Japan,2004,127815769.0,1120731.0,1063955.0,4351,7.5351844,40986.723
Japan,2005,127913331.0,1078811.0,1122518.0,4162,7.658186,41740.35
Japan,2006,127997247.0,1095688.0,1127231.0,4037,7.6868887,42358.934
Japan,2007,128087683.0,1093907.0,1149567.0,3852,7.779357,43041.57
Japan,2008,128155992.0,1094130.0,1182485.0,3793,8.089093,42518.844
Japan,2009,128192471.0,1074687.0,1181429.0,3490,8.958782,39999.945
Japan,2010,128185273.0,1070600.0,1235563.0,3461,9.063006,41647.047
Japan,2011,128096430.0,1050600.0,1292910.0,3672,10.487802,41640.66
Japan,2012,127928283.0,1037199.0,1296809.0,3205,10.671691,42394.94
Japan,2013,127723642.0,1023434.0,1307459.0,2975,10.674387,43304.117
Japan,2014,127486601.0,998487.0,1313096.0,2901,10.729014,43754.438
Japan,2015,127275868.0,994851.0,1328710.0,2741,10.7497,44589.305
Japan,2016,127159950.0,967960.0,1349578.0,2646,10.6589155,44926.62
Japan,2017,127064686.0,937434.0,1383635.0,2444,10.656271,45693.38
Japan,2018,126913432.0,910945.0,1410417.0,2375,10.739882,46133.023
Japan,2019,126699421.0,864781.0,1432118.0,2310,10.969984,46055.35
Japan,2020,126304533.0,840688.0,1423308.0,1994,11.449746,44212.55
Japan,2021,125679342.0,810611.0,1485403.0,1909,12.081082,45999.46
Japan,2022,124997585.0,786576.0,1615301.0,1855,12.322757,46819.36
Jordan,2000,5386945.0,156514.0,20101.0,4232,9.343679,8781.609
Jordan,2001,5498900.0,156809.0,20354.0,4108,9.572364,9056.194
Jordan,2002,5616077.0,159938.0,20690.0,4044,9.278642,9380.113
Jordan,2003,5741837.0,163500.0,21057.0,4001,8.78901,9556.481
Jordan,2004,5882066.0,163183.0,21429.0,3896,8.746705,10127.853
Jordan,2005,6029597.0,163738.0,21930.0,3818,8.494416,10684.942
Jordan,2006,6427377.0,170046.0,22401.0,3809,7.679257,10834.874
Jordan,2007,6827235.0,192454.0,24877.0,4166,7.9098263,11034.292
Jordan,2008,6989874.0,200657.0,25615.0,4212,8.488806,11555.729
Jordan,2009,7141763.0,204024.0,26375.0,4179,9.223969,11888.662
Jordan,2010,7297046.0,204830.0,27079.0,4096,8.170257,11942.572
Jordan,2011,7480431.0,204950.0,27874.0,4005,8.148077,11988.496
Jordan,2012,7587133.0,204058.0,28616.0,3893,7.8179955,12104.122
Jordan,2013,7991812.0,199206.0,28736.0,3701,7.165924,11804.122
Jordan,2014,8791715.0,213850.0,29677.0,3871,7.208929,11086.69
Jordan,2015,9544730.0,225764.0,30266.0,3998,7.460956,10469.631
Jordan,2016,10006369.0,237633.0,31741.0,4070,6.9764414,10197.505
Jordan,2017,10234227.0,237611.0,31703.0,3949,7.1095366,10220.493
Jordan,2018,10462310.0,237255.0,31927.0,3832,6.98295,10183.024
Jordan,2019,10671893.0,237304.0,32371.0,3697,7.0724463,10168.358
Jordan,2020,10865232.0,236062.0,37918.0,3558,7.5455475,9872.31
Jordan,2021,11066356.0,235810.0,45005.0,3447,7.697339,10056.562
Jordan,2022,11256269.0,235500.0,35600.0,3337,7.7362328,10158.474
Kazakhstan,2000,15501108.0,245353.0,164646.0,10340,4.1603203,12935.864
Kazakhstan,2001,15575550.0,248258.0,163979.0,9820,3.4709804,14612.029
Kazakhstan,2002,15656680.0,257137.0,163557.0,9488,3.6148138,15960.874
Kazakhstan,2003,15747377.0,275832.0,163704.0,9439,3.72335,17344.752
Kazakhstan,2004,15850164.0,296258.0,163966.0,9461,3.9830768,18886.582
Kazakhstan,2005,15968118.0,310259.0,163635.0,9296,3.9017296,20565.53
Kazakhstan,2006,16103718.0,329515.0,163033.0,9172,3.3982484,22574.344
Kazakhstan,2007,16257212.0,350072.0,161588.0,9018,2.7031481,24351.346
Kazakhstan,2008,16426527.0,373109.0,158947.0,8835,3.0256984,24895.664
Kazakhstan,2009,16619851.0,372500.0,154465.0,8172,3.4735563,24901.354
Kazakhstan,2010,16836808.0,380773.0,150285.0,7597,2.736414,26374.84
Kazakhstan,2011,17065996.0,383804.0,145914.0,6919,2.6023667,27946.16
Kazakhstan,2012,17306115.0,391860.0,141878.0,6353,3.0372598,28881.242
Kazakhstan,2013,17556502.0,397592.0,138337.0,5824,2.6628675,30177.488
Kazakhstan,2014,17816285.0,410084.0,135664.0,5444,2.9746845,30986.438
Kazakhstan,2015,18084175.0,407128.0,133607.0,5015,3.0405111,30893.76
Kazakhstan,2016,18363600.0,410247.0,132369.0,4721,3.422356,30758.322
Kazakhstan,2017,18651931.0,399800.0,131739.0,4409,3.0524447,31524.441
Kazakhstan,2018,18932725.0,410881.0,131962.0,4322,2.9006245,32330.227
Kazakhstan,2019,19209556.0,411552.0,132755.0,4230,2.8714375,33298.21
Kazakhstan,2020,19482116.0,439716.0,167258.0,4371,3.8313382,32011.549
Kazakhstan,2021,19743607.0,459460.0,190432.0,4446,3.9870186,32945.85
Kazakhstan,2022,20034612.0,417107.0,140075.0,4101,3.74578,33506.26
Kenya,2000,30642893.0,1233019.0,304655.0,113320,3.6245143,3756.6362
Kenya,2001,31619170.0,1270715.0,306983.0,111121,3.7400231,3778.2585
Kenya,2002,32629809.0,1303182.0,311135.0,108181,3.8215947,3681.2568
Kenya,2003,33652233.0,1327867.0,309688.0,104437,4.033657,3674.086
Kenya,2004,34713453.0,1357304.0,308717.0,100553,4.211595,3743.5679
Kenya,2005,35796485.0,1388301.0,307865.0,96545,4.217414,3844.7356
Kenya,2006,36904010.0,1420499.0,307149.0,93038,5.0134387,3970.7334
Kenya,2007,38036354.0,1456741.0,309674.0,89782,5.1235847,4116.451
Kenya,2008,39206349.0,1484001.0,309188.0,86859,5.190506,4002.8835
Kenya,2009,40408887.0,1501942.0,308384.0,83986,5.2917295,4012.1943
Kenya,2010,41598570.0,1508620.0,308850.0,81218,5.3884983,4211.5244
Kenya,2011,42758467.0,1496940.0,311066.0,78114,5.2021284,4307.106
Kenya,2012,43888306.0,1477880.0,316355.0,75134,5.0180583,4387.938
Kenya,2013,44986794.0,1458784.0,322766.0,72652,4.931004,4443.371
Kenya,2014,46051441.0,1452569.0,329236.0,70254,4.9126735,4558.552
Kenya,2015,47088528.0,1455413.0,336199.0,68574,4.7643957,4679.622
Kenya,2016,48139683.0,1453935.0,345128.0,66837,4.754291,4770.3105
Kenya,2017,49197757.0,1456356.0,350571.0,65539,3.985975,4846.8623
Kenya,2018,50207109.0,1457849.0,360810.0,64459,4.099034,5017.668
Kenya,2019,51202829.0,1445243.0,373454.0,63036,4.3687468,5171.7124
Kenya,2020,52217327.0,1450722.0,414430.0,69931,4.492489,5057.4014
Kenya,2021,53219167.0,1469426.0,432378.0,70259,4.569927,5338.8525
Kenya,2022,54252458.0,1483377.0,391273.0,61101,4.3224187,5491.694
Kiribati,2000,88632.0,2791.0,631.0,184,7.7737985,2481.7332
Kiribati,2001,90350.0,2757.0,629.0,178,11.905477,2357.884
Kiribati,2002,92281.0,2714.0,642.0,173,11.4402895,2341.9956
Kiribati,2003,94189.0,2692.0,645.0,169,10.050608,2258.3232
Kiribati,2004,96096.0,2776.0,661.0,169,12.171761,2199.9526
Kiribati,2005,98045.0,2861.0,671.0,171,11.36302,2184.061
Kiribati,2006,100028.0,2974.0,688.0,174,11.308523,2264.4517
Kiribati,2007,102081.0,3097.0,700.0,179,10.945455,2286.7395
Kiribati,2008,104235.0,3213.0,717.0,184,13.514286,2172.636
Kiribati,2009,106479.0,3309.0,737.0,189,12.738889,2138.24
Kiribati,2010,108717.0,3397.0,748.0,194,8.766666,2119.9119
Kiribati,2011,110660.0,3477.0,765.0,199,7.989474,2150.6584
Kiribati,2012,112293.0,3458.0,779.0,199,7.95,2242.301
Kiribati,2013,113847.0,3420.0,789.0,198,8.708134,2382.6755
Kiribati,2014,115339.0,3381.0,801.0,198,8.954955,2381.6536
Kiribati,2015,116826.0,3371.0,809.0,198,7.2156863,2616.1763
Kiribati,2016,118488.0,3378.0,836.0,199,9.042651,2762.2874
Kiribati,2017,120288.0,3401.0,856.0,200,9.684242,2822.021
Kiribati,2018,122097.0,3432.0,873.0,201,10.896942,2875.4177
Kiribati,2019,123928.0,3448.0,883.0,200,10.166002,2926.5938
Kiribati,2020,126110.0,3449.0,954.0,198,13.65645,2839.1729
Kiribati,2021,128387.0,3455.0,1049.0,197,11.832286,3024.2102
Kiribati,2022,130483.0,3445.0,920.0,192,10.525538,3127.1775
Kuwait,2000,1954713.0,43766.0,3950.0,558,2.20363,60585.3
Kuwait,2001,2008127.0,44729.0,4067.0,555,3.1871963,59099.664
Kuwait,2002,2059983.0,45841.0,4187.0,553,3.1244175,59348.617
Kuwait,2003,2109886.0,47270.0,4337.0,554,2.760426,67984.31
Kuwait,2004,2157329.0,48843.0,4499.0,556,2.3570247,73298.06
Kuwait,2005,2236797.0,49914.0,4666.0,552,2.013309,78193.9
Kuwait,2006,2364741.0,50829.0,4921.0,565,1.8213098,79521.35
Kuwait,2007,2507890.0,51723.0,5182.0,573,1.9267365,79474.76
Kuwait,2008,2651433.0,52912.0,5409.0,577,1.924003,77036.51
Kuwait,2009,2795489.0,54466.0,5588.0,582,2.7063878,67896.266
Kuwait,2010,2943374.0,55560.0,5722.0,578,2.6787992,62956.215
Kuwait,2011,3132815.0,56574.0,5838.0,584,2.3330355,64844.5
Kuwait,2012,3337025.0,59245.0,6064.0,589,2.3331144,64908.26
Kuwait,2013,3507755.0,58994.0,6324.0,578,2.4878929,62458.81
Kuwait,2014,3665769.0,61262.0,6589.0,582,2.9159987,60065.656
Kuwait,2015,3834465.0,59018.0,6891.0,562,4.2149796,57763.516
Kuwait,2016,4003976.0,58704.0,7311.0,543,4.730963,56936.62
Kuwait,2017,4154686.0,59228.0,7734.0,537,4.653268,52285.586
Kuwait,2018,4323389.0,55446.0,8226.0,505,5.1720185,51623.81
Kuwait,2019,4442201.0,53115.0,8872.0,481,5.182004,51380.645
Kuwait,2020,4400146.0,52346.0,12488.0,463,6.112952,49372.82
Kuwait,2021,4360748.0,44000.0,13970.0,400,5.3727317,50651.957
Kuwait,2022,4589514.0,48257.0,8991.0,436,4.2002454,51379.883
Kyrgyzstan,2000,5025150.0,111842.0,40128.0,5597,4.4141498,3638.4631
Kyrgyzstan,2001,5071960.0,111634.0,40770.0,5256,4.2770324,3795.8906
Kyrgyzstan,2002,5116252.0,113278.0,41551.0,5052,4.5921955,3760.5325
Kyrgyzstan,2003,5159422.0,115587.0,41996.0,4908,5.823821,3982.9272
Kyrgyzstan,2004,5203048.0,118393.0,41967.0,4791,6.202813,4211.5225
Kyrgyzstan,2005,5246337.0,120767.0,42229.0,4662,7.4501066,4156.9585
Kyrgyzstan,2006,5282451.0,126666.0,43208.0,4623,8.311839,4240.1704
Kyrgyzstan,2007,5313376.0,129303.0,43164.0,4475,6.9321065,4558.713
Kyrgyzstan,2008,5342530.0,132930.0,42066.0,4363,6.525119,4894.943
Kyrgyzstan,2009,5398013.0,139854.0,41007.0,4247,6.8987346,4969.9614
Kyrgyzstan,2010,5491763.0,150123.0,40622.0,4300,6.9502716,4876.4795
Kyrgyzstan,2011,5594537.0,154364.0,41635.0,4199,7.1072917,5092.8516
Kyrgyzstan,2012,5696521.0,156164.0,42252.0,4042,8.509664,4993.3945
Kyrgyzstan,2013,5797294.0,153027.0,43239.0,3791,8.18745,5418.5405
Kyrgyzstan,2014,5898322.0,155058.0,43679.0,3630,7.3576646,5513.7544
Kyrgyzstan,2015,6001876.0,154056.0,43790.0,3433,7.149309,5600.2144
Kyrgyzstan,2016,6108460.0,149936.0,43151.0,3197,6.4124823,5715.0103
Kyrgyzstan,2017,6220148.0,150046.0,42191.0,3035,6.1858635,5861.222
Kyrgyzstan,2018,6341733.0,167235.0,42974.0,3148,5.010309,5951.8286
Kyrgyzstan,2019,6494036.0,172605.0,43058.0,3151,4.254618,6087.602
Kyrgyzstan,2020,6664143.0,160005.0,51349.0,2949,4.93559,5537.7954
Kyrgyzstan,2021,6820483.0,153197.0,50083.0,2796,5.352756,5736.479
Kyrgyzstan,2022,6955792.0,150267.0,41564.0,2681,5.0487494,6139.778
Laos,2000,5431213.0,178694.0,54491.0,19270,4.275136,2899.0195
Laos,2001,5521481.0,177307.0,53455.0,18285,4.2903166,3015.6326
Laos,2002,5610888.0,174948.0,52832.0,17326,3.6975126,3143.2234
Laos,2003,5697944.0,174697.0,52540.0,16494,4.479207,3282.9854
Laos,2004,5781627.0,173880.0,51993.0,15689,3.5405724,3441.17
Laos,2005,5869531.0,168974.0,50801.0,14702,3.336732,3630.5588
Laos,2006,5963199.0,169147.0,50538.0,13955,2.9320092,3881.5374
Laos,2007,6056237.0,170327.0,50351.0,13291,3.1298623,4112.253
Laos,2008,6148974.0,171444.0,50405.0,12692,2.767273,4367.163
Laos,2009,6241649.0,172074.0,49899.0,12105,3.463004,4625.072
Laos,2010,6334198.0,172255.0,49744.0,11513,2.9115493,4946.1055
Laos,2011,6426592.0,172082.0,49219.0,10966,1.9445751,5266.879
Laos,2012,6518981.0,170630.0,49304.0,10354,2.0763757,5608.9697
Laos,2013,6611385.0,169404.0,49553.0,9845,2.3998497,5974.4736
Laos,2014,6703170.0,167909.0,49809.0,9308,2.2984555,6341.2124
Laos,2015,6801647.0,169785.0,51068.0,8944,2.4536645,6703.741
Laos,2016,6908800.0,169731.0,49750.0,8605,2.360875,7063.2554
Laos,2017,7018150.0,169257.0,48735.0,8247,2.5260682,7432.4595
Laos,2018,7128043.0,168212.0,48228.0,7962,2.2463005,7775.086
Laos,2019,7237635.0,167556.0,47761.0,7579,2.6031222,8075.275
Laos,2020,7346534.0,166166.0,47553.0,7243,2.0596519,7995.595
Laos,2021,7453192.0,165066.0,49746.0,6934,2.74392,8080.4355
Laos,2022,7559008.0,163976.0,47354.0,6640,2.0182548,8183.0327
Latvia,2000,2368320.0,20319.0,32539.0,257,5.571693,14554.213
Latvia,2001,2338299.0,19815.0,33308.0,268,5.890922,15695.906
Latvia,2002,2311358.0,20207.0,32830.0,265,5.9547777,17096.559
Latvia,2003,2288983.0,21208.0,32735.0,264,5.7364483,18717.668
Latvia,2004,2264179.0,20730.0,32262.0,230,6.4751854,20574.12
Latvia,2005,2239787.0,22042.0,33022.0,210,6.0816174,23213.354
Latvia,2006,2219039.0,23073.0,33259.0,214,6.0212708,26431.814
Latvia,2007,2200774.0,24127.0,33214.0,241,5.819692,29423.736
Latvia,2008,2177710.0,24673.0,31239.0,193,5.866032,28726.973
Latvia,2009,2142044.0,22503.0,30020.0,203,6.268324,24520.68
Latvia,2010,2097834.0,20254.0,30211.0,143,6.2242036,24119.73
Latvia,2011,2059940.0,19167.0,28658.0,153,5.9175825,25308.732
Latvia,2012,2034639.0,20097.0,29109.0,150,5.6207504,27496.545
Latvia,2013,2013004.0,20860.0,28784.0,120,5.6040483,28375.184
Latvia,2014,1994153.0,21921.0,28537.0,107,5.663636,29243.742
Latvia,2015,1977874.0,22211.0,28536.0,107,5.849168,30599.613
Latvia,2016,1959863.0,22133.0,28659.0,106,6.351845,31668.516
Latvia,2017,1942599.0,21019.0,28834.0,104,6.1872187,33036.39
Latvia,2018,1927586.0,19471.0,28823.0,75,6.4085426,34729.707
Latvia,2019,1914267.0,18887.0,27786.0,82,6.862769,35208.195
Latvia,2020,1901119.0,17629.0,28447.0,80,7.5058737,34225.9
Latvia,2021,1885593.0,17471.0,34309.0,63,9.410507,36912.01
Latvia,2022,1881059.0,15907.0,29860.0,73,8.10443,37718.71
Lebanon,2000,4329345.0,92241.0,19603.0,1827,10.829514,11571.732
Lebanon,2001,4401923.0,92686.0,19527.0,1735,10.562548,11817.931
Lebanon,2002,4463505.0,92055.0,19405.0,1635,9.282337,12053.834
Lebanon,2003,4525513.0,90520.0,19290.0,1528,8.671099,12272.344
Lebanon,2004,4599285.0,88984.0,19312.0,1429,7.999231,12882.076
Lebanon,2005,4671105.0,87200.0,19424.0,1335,7.5486765,13024.665
Lebanon,2006,4751146.0,86801.0,20871.0,1264,8.660579,13003.681
Lebanon,2007,4844119.0,86928.0,19959.0,1211,8.559842,13941.562
Lebanon,2008,4925359.0,87636.0,20508.0,1183,7.8175173,14955.142
Lebanon,2009,4992295.0,89813.0,20809.0,1166,7.0073576,16264.351
Lebanon,2010,5041290.0,93795.0,21191.0,1184,7.438645,17390.758
Lebanon,2011,5096018.0,96991.0,21465.0,1203,8.177444,17353.195
Lebanon,2012,5235742.0,99282.0,22031.0,1232,7.004201,17323.3
Lebanon,2013,5743441.0,103475.0,23256.0,1303,7.067422,16396.496
Lebanon,2014,6346993.0,119400.0,27121.0,1526,7.521914,15205.873
Lebanon,2015,6472470.0,126567.0,29183.0,1644,7.4159665,14980.0205
Lebanon,2016,6323061.0,121382.0,29827.0,1604,7.9234495,15572.361
Lebanon,2017,6160129.0,114874.0,30708.0,1575,7.8035755,16128.584
Lebanon,2018,5984120.0,108255.0,31086.0,1547,8.070317,16290.052
Lebanon,2019,5794601.0,102113.0,31631.0,1521,8.685339,15659.566
Lebanon,2020,5702400.0,96441.0,36535.0,1938,7.482218,12507.437
Lebanon,2021,5718129.0,94769.0,48158.0,1631,4.400062,11599.775
Lebanon,2022,5744492.0,94050.0,33132.0,1632,4.9125595,11474.751
Lesotho,2000,2003919.0,56606.0,31819.0,6252,5.156334,1932.158
Lesotho,2001,2000859.0,57456.0,34270.0,6368,6.590757,2004.0334
Lesotho,2002,1994686.0,58573.0,36303.0,6526,5.86075,2024.7872
Lesotho,2003,1985060.0,58151.0,38021.0,6590,5.3375483,2127.373
Lesotho,2004,1971130.0,56642.0,39368.0,6523,5.2465854,2178.6648
Lesotho,2005,1953080.0,55781.0,39948.0,6398,4.6745267,2275.016
Lesotho,2006,1945066.0,55681.0,40446.0,6246,5.405324,2381.0203
Lesotho,2007,1953273.0,57589.0,39825.0,6165,7.2225184,2470.3147
Lesotho,2008,1966547.0,58292.0,38949.0,6022,7.666482,2589.1663
Lesotho,2009,1980884.0,58148.0,37813.0,5763,8.952983,2538.1934
Lesotho,2010,1996256.0,58218.0,36340.0,5497,7.404848,2651.378
Lesotho,2011,2014015.0,60840.0,35200.0,5419,8.994871,2749.3196
Lesotho,2012,2034363.0,61085.0,33493.0,5288,9.986013,2894.227
Lesotho,2013,2056509.0,61671.0,31880.0,5171,10.97986,2914.3752
Lesotho,2014,2080091.0,61362.0,30445.0,5060,9.988239,2930.6172
Lesotho,2015,2104614.0,61408.0,29318.0,4975,9.252805,2986.9587
Lesotho,2016,2130424.0,61638.0,28250.0,4900,9.197443,3057.261
Lesotho,2017,2157117.0,60920.0,27325.0,4799,10.529566,2924.681
Lesotho,2018,2183611.0,59745.0,26636.0,4674,11.126373,2846.4182
Lesotho,2019,2209414.0,58417.0,26137.0,4530,21.92373,2773.2864
Lesotho,2020,2235727.0,57297.0,26572.0,4435,10.408369,2517.1104
Lesotho,2021,2261549.0,56302.0,28493.0,4230,10.661657,2544.7825
Lesotho,2022,2286112.0,55764.0,24959.0,4106,12.895692,2577.5454
Liberia,2000,2928117.0,126606.0,43464.0,23029,2.692154,1868.1798
Liberia,2001,3015343.0,128367.0,42147.0,21888,2.1558104,1867.1191
Liberia,2002,3094793.0,129985.0,41341.0,20771,2.1646292,1887.646
Liberia,2003,3119534.0,131022.0,43490.0,20325,2.5184748,1308.1509
Liberia,2004,3156893.0,129797.0,38048.0,17949,5.9050965,1326.5356
Liberia,2005,3301016.0,134082.0,37600.0,17251,6.6949735,1335.6173
Liberia,2006,3490792.0,142572.0,38480.0,17192,5.774266,1364.6035
Liberia,2007,3669050.0,148220.0,39049.0,16970,4.3288493,1422.1002
Liberia,2008,3821006.0,151553.0,39518.0,16602,5.996157,1463.124
Liberia,2009,3943035.0,153028.0,39597.0,16044,8.985148,1492.9982
Liberia,2010,4058897.0,154104.0,39854.0,15550,8.438602,1538.8508
Liberia,2011,4221177.0,155889.0,40396.0,15155,8.583996,1601.0337
Liberia,2012,4373046.0,163665.0,41691.0,15208,7.629872,1668.9729
Liberia,2013,4470246.0,161977.0,41835.0,14878,7.156104,1774.5206
Liberia,2014,4564299.0,160758.0,44092.0,15086,8.098179,1750.1438
Liberia,2015,4659436.0,160019.0,44541.0,14785,10.382444,1714.0905
Liberia,2016,4755607.0,161339.0,42482.0,13817,9.885145,1653.3105
Liberia,2017,4848927.0,161876.0,42495.0,13464,9.910874,1661.3029
Liberia,2018,4944728.0,162953.0,42721.0,13185,10.435279,1647.9745
Liberia,2019,5043719.0,163574.0,42934.0,12889,8.38326,1575.7666
Liberia,2020,5149470.0,164386.0,43756.0,12622,12.905043,1497.377
Liberia,2021,5259327.0,165796.0,44759.0,12351,13.27176,1539.2089
Liberia,2022,5373297.0,167590.0,43835.0,12149,13.588197,1578.9984
Libya,2000,5305020.0,115070.0,25263.0,3197,3.3190851,17747.02
Libya,2001,5403639.0,119188.0,25818.0,3177,3.9257162,17115.988
Libya,2002,5508412.0,123921.0,26324.0,3174,4.738183,16629.436
Libya,2003,5619405.0,128796.0,26650.0,3160,3.9730124,18422.734
Libya,2004,5736696.0,134100.0,26958.0,3136,3.383282,18851.203
Libya,2005,5858793.0,140042.0,27220.0,3107,2.5170715,20649.463
Libya,2006,5980212.0,143111.0,27471.0,3011,2.2999644,21545.299
Libya,2007,6104381.0,144745.0,28041.0,2880,2.4192963,22422.012
Libya,2008,6235433.0,146142.0,28657.0,2747,2.2444189,21915.197
Libya,2009,6366689.0,147418.0,29319.0,2619,3.5828805,20518.965
Libya,2010,6497837.0,152991.0,30067.0,2550,3.2806444,21115.525
Libya,2011,6343210.0,157980.0,36959.0,3101,4.01902,10741.921
Libya,2012,6179327.0,139570.0,30715.0,2162,3.956121,20601.002
Libya,2013,6304636.0,142107.0,31334.0,2115,4.9754863,16557.5
Libya,2014,6427260.0,145406.0,34979.0,2180,5.1777782,12499.083
Libya,2015,6531825.0,143183.0,35090.0,2097,5.8063865,12195.349
Libya,2016,6632130.0,140949.0,35678.0,2000,6.171787,11831.826
Libya,2017,6738771.0,138217.0,34327.0,1838,4.676853,15428.116
Libya,2018,6849058.0,135914.0,34293.0,1710,4.866484,16385.164
Libya,2019,6951040.0,133744.0,35900.0,1713,5.5477343,14337.196
Libya,2020,7045403.0,132007.0,39061.0,1586,7.1067405,9978.664
Libya,2021,7135179.0,129689.0,41682.0,1411,6.0545745,12641.51
Libya,2022,7223804.0,126684.0,34734.0,1331,4.744336,11450.06
Lithuania,2000,3500410.0,34162.0,39041.0,391,6.185593,15777.43
Lithuania,2001,3473008.0,31253.0,40372.0,336,6.0019326,16939.467
Lithuania,2002,3444051.0,29603.0,41028.0,310,6.1347766,18223.479
Lithuania,2003,3415276.0,30107.0,40878.0,270,6.177241,20310.713
Lithuania,2004,3376703.0,30001.0,41375.0,295,5.483472,21875.61
Lithuania,2005,3322264.0,29937.0,43775.0,265,5.6463757,23953.814
Lithuania,2006,3269809.0,29726.0,44703.0,270,5.8572574,26139.283
Lithuania,2007,3231378.0,30163.0,45502.0,234,5.759786,29381.951
Lithuania,2008,3198482.0,31641.0,43797.0,222,6.290102,30457.37
Lithuania,2009,3163255.0,32444.0,42070.0,215,7.3449984,26227.523
Lithuania,2010,3097721.0,31778.0,42138.0,189,6.905867,26897.725
Lithuania,2011,3028642.0,30720.0,41109.0,178,6.540177,29251.877
Lithuania,2012,2988334.0,30653.0,40977.0,145,6.307981,30932.098
Lithuania,2013,2958359.0,30016.0,41468.0,136,6.15501,32487.0
Lithuania,2014,2933171.0,30516.0,40283.0,155,6.2224445,33988.016
Lithuania,2015,2905771.0,31732.0,41814.0,165,6.4739685,35264.715
Lithuania,2016,2869109.0,31113.0,41170.0,166,6.649288,36632.082
Lithuania,2017,2829317.0,29217.0,40111.0,107,6.4447284,38789.246
Lithuania,2018,2802485.0,28319.0,39598.0,117,6.4689617,41035.402
Lithuania,2019,2795057.0,27513.0,38283.0,102,6.9447265,43078.71
Lithuania,2020,2795766.0,25191.0,43556.0,84,7.4161906,43108.2
Lithuania,2021,2794490.0,22978.0,46698.0,87,7.732108,45897.37
Lithuania,2022,2816923.0,21556.0,44731.0,91,7.2436795,46642.594
Luxembourg,2000,436142.0,5564.0,3876.0,42,5.9253387,114148.35
Luxembourg,2001,441754.0,5418.0,3809.0,43,6.3819394,116265.23
Luxembourg,2002,446392.0,5311.0,3837.0,42,6.7609997,118764.33
Luxembourg,2003,451845.0,5240.0,4168.0,41,6.9622145,120403.0
Luxembourg,2004,458305.0,5381.0,3686.0,37,7.2793355,123725.76
Luxembourg,2005,465369.0,5291.0,3734.0,23,7.123282,124871.95
Luxembourg,2006,472869.0,5427.0,3864.0,28,6.636421,130290.17
Luxembourg,2007,480277.0,5387.0,3943.0,21,6.158031,138683.31
Luxembourg,2008,488995.0,5477.0,3686.0,17,6.231011,135814.61
Luxembourg,2009,498196.0,5550.0,3768.0,29,6.9499316,129004.51
Luxembourg,2010,507418.0,5757.0,3858.0,26,6.66263,131434.36
Luxembourg,2011,518583.0,5524.0,3910.0,38,5.9522533,129887.625
Luxembourg,2012,530951.0,5905.0,3989.0,28,5.294043,128897.41
Luxembourg,2013,543358.0,5996.0,3913.0,35,5.235574,129947.336
Luxembourg,2014,556285.0,5955.0,3937.0,25,5.230409,130249.55
Luxembourg,2015,569540.0,5992.0,4097.0,32,5.0811357,130097.336
Luxembourg,2016,583511.0,5967.0,4069.0,33,5.0710387,133661.73
Luxembourg,2017,596506.0,6058.0,4383.0,35,5.1353536,132169.83
Luxembourg,2018,608109.0,6153.0,4411.0,37,5.273552,131733.89
Luxembourg,2019,620167.0,6138.0,4410.0,45,5.466403,132724.75
Luxembourg,2020,630597.0,6389.0,4718.0,43,5.7671175,129865.63
Luxembourg,2021,640276.0,6581.0,4593.0,35,5.608061,136772.44
Luxembourg,2022,653315.0,6716.0,4550.0,36,5.609269,132570.83
Madagascar,2000,16516336.0,693681.0,172814.0,72167,3.9917762,1701.4432
Madagascar,2001,17032933.0,700327.0,170673.0,69471,4.1151385,1748.5035
Madagascar,2002,17549915.0,705543.0,170027.0,67238,4.9286695,1486.4343
Madagascar,2003,18071860.0,714080.0,169163.0,64943,5.0027657,1584.7493
Madagascar,2004,18606606.0,725220.0,168889.0,63115,5.2509003,1620.1195
Madagascar,2005,19159711.0,736608.0,168478.0,61305,5.215578,1648.1763
Madagascar,2006,19730916.0,749906.0,168417.0,59811,5.0720387,1686.8634
Madagascar,2007,20318590.0,767102.0,169345.0,58824,4.608658,1731.6176
Madagascar,2008,20923842.0,785413.0,169843.0,57991,4.081118,1794.4023
Madagascar,2009,21547277.0,805777.0,171786.0,57586,4.3846984,1673.1555
Madagascar,2010,22183343.0,815149.0,173602.0,56993,4.6976266,1635.2451
Madagascar,2011,22822305.0,815913.0,175338.0,56157,4.521595,1614.5514
Madagascar,2012,23462444.0,822622.0,178361.0,55749,3.9110591,1617.7908
Madagascar,2013,24109290.0,835927.0,181697.0,55739,3.751563,1610.6023
Madagascar,2014,24764356.0,846452.0,185596.0,55823,4.462403,1620.3579
Madagascar,2015,25426703.0,858677.0,189709.0,56215,5.006254,1627.5806
Madagascar,2016,26099950.0,877298.0,194494.0,56965,5.3324885,1648.9122
Madagascar,2017,26788379.0,899885.0,200374.0,58263,4.8022594,1669.7277
Madagascar,2018,27494930.0,925221.0,205948.0,59645,4.221604,1678.7863
Madagascar,2019,28219559.0,948017.0,212167.0,61085,3.101293,1707.8315
Madagascar,2020,28953560.0,964457.0,227843.0,62308,3.7231612,1545.7272
Madagascar,2021,29691087.0,977163.0,235760.0,63241,3.5533555,1577.4325
Madagascar,2022,30437261.0,989140.0,235226.0,64157,3.1494806,1602.4281
Malawi,2000,11315947.0,504370.0,203933.0,82694,2.3524752,1239.3917
Malawi,2001,11593057.0,512168.0,201335.0,77941,2.0604005,1149.5804
Malawi,2002,11880443.0,522207.0,199339.0,73722,2.6972597,1140.8428
Malawi,2003,12181575.0,534862.0,193728.0,68653,3.320198,1176.1239
Malawi,2004,12500736.0,549595.0,188453.0,64761,4.071999,1208.2197
Malawi,2005,12840034.0,564999.0,183871.0,61562,4.300465,1214.7427
Malawi,2006,13198699.0,577507.0,180381.0,58761,4.912233,1237.2739
Malawi,2007,13576344.0,587503.0,177207.0,56237,5.4425836,1318.3319
Malawi,2008,13976415.0,594896.0,173106.0,53804,6.106688,1378.4288
Malawi,2009,14395788.0,600959.0,166144.0,51334,5.873338,1449.7261
Malawi,2010,14826466.0,603227.0,158768.0,48492,5.143048,1504.3751
Malawi,2011,15265026.0,605872.0,151722.0,45505,5.3222666,1533.2289
Malawi,2012,15709577.0,605829.0,145130.0,42404,6.021998,1518.1481
Malawi,2013,16161816.0,609651.0,139361.0,39629,8.223795,1555.5061
Malawi,2014,16621534.0,606730.0,134316.0,36803,6.897762,1597.5648
Malawi,2015,17085587.0,603052.0,130571.0,34405,6.628791,1597.6914
Malawi,2016,17557741.0,600917.0,126123.0,32121,7.727038,1593.5955
Malawi,2017,18039714.0,607619.0,122949.0,30584,7.584389,1613.0593
Malawi,2018,18528086.0,615627.0,121283.0,29452,6.882499,1638.9166
Malawi,2019,19025748.0,625978.0,119877.0,28421,6.3702173,1687.2894
Malawi,2020,19533885.0,635555.0,120892.0,27477,7.0385957,1656.4398
Malawi,2021,20047264.0,642826.0,125442.0,26526,7.516463,1687.5936
Malawi,2022,20568731.0,652812.0,119362.0,26238,6.625276,1659.9594
Malaysia,2000,22967817.0,519149.0,101767.0,5353,2.5146337,18532.91
Malaysia,2001,23526535.0,503496.0,102546.0,4931,2.6753974,18186.441
Malaysia,2002,24102477.0,484203.0,103125.0,4556,2.6687655,18708.87
Malaysia,2003,24679604.0,482490.0,105064.0,4355,2.9241707,19329.006
Malaysia,2004,25256773.0,471853.0,106718.0,4174,2.8601694,20168.506
Malaysia,2005,25836075.0,463500.0,108175.0,4020,2.786927,20767.586
Malaysia,2006,26417909.0,459539.0,110025.0,3948,3.1089773,21444.486
Malaysia,2007,26998383.0,461421.0,112729.0,3953,3.0704114,22305.12
Malaysia,2008,27570052.0,478520.0,116134.0,4003,3.0069256,22898.002
Malaysia,2009,28124779.0,486290.0,120128.0,4023,3.261057,22106.643
Malaysia,2010,28655772.0,484452.0,124184.0,3979,3.1647427,23307.97
Malaysia,2011,29162034.0,501172.0,128339.0,4063,3.3145192,24115.818
Malaysia,2012,29662835.0,504320.0,132822.0,4077,3.4578636,25006.36
Malaysia,2013,30174269.0,505751.0,139008.0,4108,3.5127692,25736.354
Malaysia,2014,30696133.0,513359.0,145789.0,4168,3.7103696,26818.432
Malaysia,2015,31232796.0,510212.0,151911.0,4168,3.8220148,27699.627
Malaysia,2016,31789692.0,501915.0,156255.0,4142,3.7008533,28425.371
Malaysia,2017,32355642.0,495979.0,159558.0,4120,3.714723,29551.545
Malaysia,2018,32910963.0,487355.0,162775.0,4055,3.7594428,30459.965
Malaysia,2019,33440590.0,475958.0,166533.0,3953,3.8399105,31300.508
Malaysia,2020,33889554.0,453893.0,170581.0,3746,4.0825434,29200.453
Malaysia,2021,34282404.0,424571.0,212600.0,3515,4.3743834,29822.85
Malaysia,2022,34695494.0,430022.0,192461.0,3455,3.9003782,32129.223
Maldives,2000,282025.0,5617.0,1244.0,226,7.7365584,13738.281
Maldives,2001,286778.0,5479.0,1204.0,195,8.21365,12977.999
Maldives,2002,291631.0,5443.0,1187.0,171,8.784402,13689.807
Maldives,2003,296497.0,5470.0,1151.0,153,6.7785754,15316.119
Maldives,2004,301416.0,5524.0,1234.0,153,7.4835696,15958.656
Maldives,2005,306429.0,5614.0,1123.0,124,8.827534,13942.875
Maldives,2006,313866.0,5906.0,1147.0,116,8.04819,16829.977
Maldives,2007,324489.0,6475.0,1150.0,113,8.305681,17439.951
Maldives,2008,336178.0,7027.0,1171.0,111,11.471042,18344.486
Maldives,2009,348282.0,7407.0,1182.0,107,10.092881,16230.009
Maldives,2010,360802.0,7536.0,1187.0,102,8.48759,16730.014
Maldives,2011,373683.0,7623.0,1193.0,97,7.922516,17581.768
Maldives,2012,386821.0,7649.0,1202.0,92,8.673048,17390.148
Maldives,2013,400077.0,7523.0,1217.0,86,8.155093,17986.89
Maldives,2014,413623.0,7346.0,1222.0,78,7.9134507,18765.36
Maldives,2015,428165.0,7135.0,1227.0,70,8.683106,18829.447
Maldives,2016,443316.0,6877.0,1225.0,63,10.233371,19345.18
Maldives,2017,458297.0,6573.0,1234.0,56,9.149483,20036.717
Maldives,2018,473106.0,6337.0,1247.0,50,7.2940383,21072.58
Maldives,2019,487737.0,6144.0,1257.0,44,7.502381,21855.502
Maldives,2020,502127.0,6081.0,1490.0,43,11.439432,14242.975
Maldives,2021,516163.0,6036.0,1603.0,37,8.851695,19052.623
Maldives,2022,524116.0,5973.0,1219.0,35,7.4997015,21357.81
Mali,2000,11559291.0,544335.0,185183.0,97394,5.466337,2187.719
Mali,2001,11912162.0,561537.0,185061.0,97590,4.5195208,2458.4617
Mali,2002,12288051.0,581816.0,185077.0,97790,4.99776,2455.6194
Mali,2003,12684951.0,603368.0,185612.0,98055,5.0506144,2611.837
Mali,2004,13102415.0,625950.0,186241.0,98265,5.217687,2565.9775
Mali,2005,13538648.0,648384.0,187422.0,98477,5.195173,2546.3328
Mali,2006,13990143.0,665964.0,188296.0,98305,5.455902,2555.0747
Mali,2007,14457776.0,685214.0,189413.0,98030,5.2530427,2515.947
Mali,2008,14940786.0,705248.0,190581.0,97681,5.0268807,2523.1997
Mali,2009,15435536.0,725696.0,191964.0,97466,5.212257,2575.5454
Mali,2010,15945201.0,747705.0,193249.0,97237,4.6786714,2632.2646
Mali,2011,16469054.0,765429.0,194536.0,96868,4.01485,2623.3462
Mali,2012,16957039.0,784755.0,196004.0,96410,3.75218,2520.5293
Mali,2013,17459619.0,793729.0,195854.0,95314,3.9640858,2528.53
Mali,2014,18020267.0,810613.0,196181.0,94368,4.481583,2609.1672
Mali,2015,18593022.0,826908.0,196904.0,93492,4.1114335,2686.5605
Mali,2016,19191298.0,842699.0,197047.0,92484,3.7737756,2759.1106
Mali,2017,19813016.0,860760.0,198779.0,91774,3.6742575,2816.1943
Mali,2018,20442031.0,870518.0,199805.0,90654,3.732511,2862.4072
Mali,2019,21068405.0,866734.0,199617.0,88583,3.829438,2916.1716
Mali,2020,21713837.0,889380.0,206316.0,87420,3.5062337,2796.4104
Mali,2021,22388637.0,911381.0,207688.0,86441,3.5431867,2796.228
Mali,2022,23072641.0,930870.0,204388.0,86121,3.7217011,2813.811
Malta,2000,399905.0,4490.0,3138.0,31,6.6262136,31068.078
Malta,2001,402788.0,4059.0,2887.0,26,7.029712,30602.11
Malta,2002,405571.0,4003.0,3115.0,28,7.733333,31207.432
Malta,2003,408236.0,4099.0,3110.0,26,7.939175,32147.875
Malta,2004,410800.0,3954.0,3075.0,31,8.039668,32062.764
Malta,2005,413324.0,3936.0,3055.0,28,8.694976,32776.97
Malta,2006,415463.0,3911.0,3148.0,18,8.846597,33420.715
Malta,2007,417201.0,3923.0,3118.0,27,8.18594,34981.703
Malta,2008,418969.0,4133.0,3191.0,42,7.8249016,36287.727
Malta,2009,420800.0,4139.0,3135.0,26,7.8885427,35512.676
Malta,2010,422654.0,4047.0,2910.0,26,7.898572,37528.734
Malta,2011,424635.0,4262.0,3184.0,31,8.318167,37740.848
Malta,2012,426616.0,4213.0,3226.0,26,8.249214,38937.15
Malta,2013,428457.0,4067.0,3121.0,30,8.303196,40921.316
Malta,2014,434494.0,4113.0,3045.0,23,8.88464,43163.15
Malta,2015,444978.0,4231.0,3098.0,28,8.701998,46171.89
Malta,2016,455276.0,4361.0,3136.0,35,8.699281,46967.348
Malta,2017,467902.0,4205.0,3159.0,32,8.313663,51628.27
Malta,2018,484560.0,4286.0,3364.0,28,8.112696,53419.004
Malta,2019,504017.0,4241.0,3527.0,35,8.892822,53393.42
Malta,2020,518212.0,4393.0,3926.0,20,9.854035,50389.695
Malta,2021,524383.0,4345.0,4008.0,19,9.527821,56823.996
Malta,2022,528194.0,4285.0,4110.0,37,9.091054,56874.434
Marshall Islands,2000,50721.0,1935.0,344.0,79,13.524676,3772.6992
Marshall Islands,2001,51137.0,1934.0,335.0,79,11.189654,4001.2432
Marshall Islands,2002,51441.0,1934.0,336.0,78,12.066346,4122.3677
Marshall Islands,2003,51657.0,1941.0,340.0,78,13.332434,4041.1729
Marshall Islands,2004,51803.0,1938.0,341.0,76,14.151281,4012.8586
Marshall Islands,2005,51928.0,1930.0,346.0,76,18.452932,4075.681
Marshall Islands,2006,52011.0,1900.0,347.0,73,22.298548,4076.0986
Marshall Islands,2007,52050.0,1852.0,346.0,71,16.825224,4222.954
Marshall Islands,2008,52049.0,1786.0,345.0,69,18.979637,3903.8057
Marshall Islands,2009,52036.0,1706.0,339.0,65,18.729288,4047.7454
Marshall Islands,2010,52064.0,1610.0,341.0,61,17.73355,4269.9053
Marshall Islands,2011,51927.0,1517.0,332.0,58,11.359054,4259.6616
Marshall Islands,2012,51438.0,1425.0,330.0,55,11.661544,4244.588
Marshall Islands,2013,50696.0,1338.0,323.0,50,12.136853,4470.4263
Marshall Islands,2014,49815.0,1279.0,317.0,47,12.044893,4492.5674
Marshall Islands,2015,48823.0,1228.0,316.0,44,14.7821,4670.7075
Marshall Islands,2016,47730.0,1179.0,312.0,41,14.628162,4897.1494
Marshall Islands,2017,46544.0,1135.0,308.0,37,12.024984,5200.0107
Marshall Islands,2018,45307.0,1090.0,306.0,35,14.467239,5636.03
Marshall Islands,2019,44030.0,1045.0,303.0,33,14.989945,6405.8965
Marshall Islands,2020,42728.0,1001.0,312.0,30,12.124134,6418.007
Marshall Islands,2021,41387.0,959.0,309.0,29,12.492571,6768.8257
Marshall Islands,2022,40094.0,881.0,277.0,26,13.607968,6937.7534
Mauritania,2000,2613450.0,99085.0,23156.0,9414,3.3782465,5008.608
Mauritania,2001,2678766.0,101747.0,22978.0,9172,3.571838,4847.4106
Mauritania,2002,2738659.0,103671.0,22679.0,8880,4.0022497,4806.8984
Mauritania,2003,2802050.0,106230.0,22423.0,8554,4.0325465,5023.6523
Mauritania,2004,2868671.0,109792.0,22215.0,8269,3.704295,5139.2256
Mauritania,2005,2939060.0,112966.0,22024.0,8025,3.4031265,5445.8296
Mauritania,2006,3013659.0,116815.0,21825.0,7793,2.7025275,6284.702
Mauritania,2007,3093065.0,120757.0,21860.0,7628,2.87644,6002.7783
Mauritania,2008,3183276.0,124382.0,21947.0,7489,3.0133898,5813.356
Mauritania,2009,3284454.0,128109.0,22835.0,7411,3.1103404,5639.7876
Mauritania,2010,3390968.0,132040.0,23920.0,7372,2.6361892,5605.7637
Mauritania,2011,3502813.0,136404.0,25239.0,7383,2.4738367,5653.2173
Mauritania,2012,3619035.0,140200.0,26709.0,7382,2.6491933,5716.252
Mauritania,2013,3734324.0,143806.0,28250.0,7368,2.8679988,5769.7285
Mauritania,2014,3848511.0,146731.0,27943.0,7285,3.467244,5837.852
Mauritania,2015,3965959.0,149827.0,27735.0,7221,3.6736376,5969.5425
Mauritania,2016,4086655.0,152849.0,27507.0,7143,3.186995,5866.2812
Mauritania,2017,4210603.0,155985.0,27428.0,7074,3.4194756,6050.6216
Mauritania,2018,4337685.0,158852.0,27260.0,6977,2.8836255,6153.6377
Mauritania,2019,4467714.0,161780.0,27316.0,6891,3.0917659,6162.2104
Mauritania,2020,4600136.0,164387.0,29484.0,6797,3.0014784,5963.2354
Mauritania,2021,4734874.0,167340.0,29782.0,6697,3.7802253,5836.566
Mauritania,2022,4875644.0,169886.0,27440.0,6594,4.6696267,6053.2617
Mauritius,2000,1216632.0,20154.0,7761.0,377,2.8573465,13373.656
Mauritius,2001,1225807.0,19357.0,7868.0,333,2.9215186,13712.579
Mauritius,2002,1234090.0,19546.0,8085.0,319,3.1889727,13837.626
Mauritius,2003,1242094.0,19030.0,8171.0,302,3.1820161,14551.879
Mauritius,2004,1249799.0,18957.0,8274.0,289,3.3165255,15087.068
Mauritius,2005,1257215.0,18421.0,8428.0,283,3.5179403,15264.599
Mauritius,2006,1263785.0,17268.0,8522.0,278,3.6057365,15932.819
Mauritius,2007,1269522.0,16792.0,8664.0,271,3.5232167,16774.568
Mauritius,2008,1274635.0,16048.0,8720.0,255,3.938965,17627.111
Mauritius,2009,1278976.0,15284.0,8873.0,231,4.1703563,18171.688
Mauritius,2010,1282710.0,14941.0,8791.0,221,4.518983,18925.572
Mauritius,2011,1286270.0,14809.0,8760.0,219,4.2505965,19678.602
Mauritius,2012,1289174.0,14764.0,8866.0,214,4.219934,20313.033
Mauritius,2013,1290988.0,14073.0,9058.0,210,4.620821,20952.377
Mauritius,2014,1292006.0,13524.0,9188.0,198,5.3802466,21721.31
Mauritius,2015,1292283.0,12939.0,9401.0,187,5.5504236,22499.025
Mauritius,2016,1291807.0,13198.0,9558.0,184,5.5428953,23357.23
Mauritius,2017,1290654.0,13565.0,9698.0,192,5.5985727,24258.988
Mauritius,2018,1288836.0,13207.0,10314.0,206,5.603102,25243.887
Mauritius,2019,1286269.0,13015.0,10745.0,199,5.6950817,25958.49
Mauritius,2020,1283231.0,13324.0,10588.0,208,6.0960603,22272.54
Mauritius,2021,1279628.0,12954.0,12670.0,191,6.616084,23010.201
Mauritius,2022,1276134.0,12128.0,12246.0,182,5.8420973,25005.066
Mexico,2000,98625553.0,2385977.0,540567.0,66928,4.244365,20470.494
Mexico,2001,100099101.0,2380261.0,543803.0,64012,4.5820136,20078.219
Mexico,2002,101548627.0,2374140.0,553391.0,61210,4.830428,19744.793
Mexico,2003,102978517.0,2351177.0,563140.0,58280,5.539788,19701.463
Mexico,2004,104394131.0,2335226.0,575925.0,55625,5.683502,20127.225
Mexico,2005,105811504.0,2318498.0,585859.0,53204,5.5811014,20277.256
Mexico,2006,107253666.0,2303997.0,597892.0,50857,5.406479,20965.826
Mexico,2007,108774356.0,2296268.0,611318.0,48847,5.5066805,21102.27
Mexico,2008,110374286.0,2297950.0,627177.0,47137,5.4458737,20992.56
Mexico,2009,111999720.0,2303532.0,642292.0,45610,5.8478646,19385.543
Mexico,2010,113623898.0,2310124.0,651368.0,44196,5.4897337,20058.385
Mexico,2011,115243503.0,2315793.0,656666.0,42843,5.30093,20457.6
Mexico,2012,116818208.0,2319451.0,662847.0,41517,5.421405,20898.936
Mexico,2013,118343572.0,2314458.0,671786.0,40118,5.5773263,20805.348
Mexico,2014,119784265.0,2270937.0,683362.0,38277,5.353368,21069.766
Mexico,2015,121072310.0,2206765.0,698389.0,36172,5.527386,21408.928
Mexico,2016,122251344.0,2162620.0,717395.0,34306,5.38499,21578.264
Mexico,2017,123400052.0,2124252.0,740091.0,32584,5.311794,21777.523
Mexico,2018,124573713.0,2122316.0,756310.0,31321,5.238214,21997.773
Mexico,2019,125762978.0,2122565.0,765037.0,30194,5.3013463,21704.186
Mexico,2020,126799053.0,2100438.0,1068730.0,29075,6.052486,19728.482
Mexico,2021,127648151.0,2087487.0,1150760.0,27958,5.87678,20782.588
Mexico,2022,128613116.0,2063075.0,838627.0,28309,5.709197,21391.857
Micronesia (country),2000,112067.0,3602.0,772.0,140,7.7651114,3563.8918
Micronesia (country),2001,112378.0,3533.0,750.0,130,8.48782,3618.394
Micronesia (country),2002,112464.0,3427.0,803.0,141,7.9630136,3631.7488
Micronesia (country),2003,112298.0,3323.0,761.0,119,9.650283,3701.1326
Micronesia (country),2004,111939.0,3242.0,767.0,115,12.235387,3594.5771
Micronesia (country),2005,111420.0,3163.0,770.0,110,17.948448,3710.1985
Micronesia (country),2006,110739.0,3074.0,779.0,107,10.870187,3717.6577
Micronesia (country),2007,109896.0,2977.0,779.0,101,11.233342,3684.2021
Micronesia (country),2008,108947.0,2877.0,778.0,98,12.083267,3622.0488
Micronesia (country),2009,107968.0,2788.0,774.0,94,12.688541,3702.3613
Micronesia (country),2010,107559.0,2711.0,764.0,90,13.3306675,3780.2512
Micronesia (country),2011,107712.0,2665.0,771.0,87,13.222826,3917.4465
Micronesia (country),2012,107908.0,2629.0,781.0,85,12.390774,3847.1475
Micronesia (country),2013,108133.0,2598.0,787.0,81,12.21771,3696.7456
Micronesia (country),2014,108407.0,2578.0,800.0,78,11.834918,3592.819
Micronesia (country),2015,108727.0,2563.0,813.0,77,12.623412,3739.3596
Micronesia (country),2016,109088.0,2547.0,816.0,73,13.334811,3774.032
Micronesia (country),2017,109495.0,2537.0,825.0,71,12.407425,3838.0454
Micronesia (country),2018,109925.0,2534.0,838.0,68,11.939613,3838.6406
Micronesia (country),2019,110293.0,2525.0,843.0,66,11.8736315,3965.0537
Micronesia (country),2020,110930.0,2517.0,888.0,63,11.984793,3861.2932
Micronesia (country),2021,111635.0,2532.0,887.0,62,11.374305,3955.7314
Micronesia (country),2022,112122.0,2524.0,848.0,59,12.62719,3815.7947
Moldova,2000,4234969.0,49582.0,50051.0,1520,5.9268727,5727.079
Moldova,2001,4189769.0,48937.0,49972.0,1382,6.2344975,6090.0347
Moldova,2002,4142937.0,48403.0,50183.0,1259,7.4043765,6580.2783
Moldova,2003,4095418.0,49826.0,50276.0,1187,7.022276,7034.358
Moldova,2004,4046672.0,52540.0,50148.0,1154,8.971149,7573.6177
Moldova,2005,3988668.0,52326.0,49560.0,1085,9.558148,8161.4736
Moldova,2006,3921320.0,52146.0,48875.0,1022,10.544453,8577.028
Moldova,2007,3851397.0,52729.0,48055.0,981,11.020668,8854.834
Moldova,2008,3779503.0,53882.0,47018.0,954,10.949201,9563.698
Moldova,2009,3706212.0,55412.0,45719.0,941,13.676624,9001.234
Moldova,2010,3631990.0,53699.0,44241.0,890,10.131128,9649.951
Moldova,2011,3557278.0,50741.0,43348.0,830,9.096704,10217.309
Moldova,2012,3482629.0,49632.0,42840.0,798,9.139621,10158.386
Moldova,2013,3408741.0,47022.0,42806.0,755,8.683003,11080.063
Moldova,2014,3342715.0,51128.0,42650.0,795,8.73206,11641.121
Moldova,2015,3287168.0,50054.0,43047.0,776,8.5001335,11691.08
Moldova,2016,3237798.0,48179.0,42884.0,744,7.6210623,12377.366
Moldova,2017,3193500.0,43948.0,42322.0,682,7.127804,13118.822
Moldova,2018,3153779.0,41867.0,42988.0,640,6.7076035,13895.504
Moldova,2019,3112561.0,39334.0,43324.0,596,6.4966245,14621.24
Moldova,2020,3069135.0,37065.0,45289.0,552,7.0048404,13559.26
Moldova,2021,3023780.0,34837.0,50500.0,512,7.7490406,15682.07
Moldova,2022,3039986.0,32056.0,39735.0,466,6.965054,15350.3125
Mongolia,2000,2455182.0,51054.0,17381.0,3185,6.0760508,5818.243
Mongolia,2001,2477704.0,50190.0,17344.0,2904,5.4423995,5917.071
Mongolia,2002,2500074.0,48562.0,17488.0,2615,5.49191,6117.9824
Mongolia,2003,2521809.0,47027.0,17719.0,2357,4.2976894,6463.7896
Mongolia,2004,2542801.0,46781.0,17975.0,2145,4.302045,7070.667
Mongolia,2005,2563466.0,47594.0,17983.0,1987,3.8645627,7499.848
Mongolia,2006,2584761.0,51590.0,17746.0,1927,3.749715,8043.9966
Mongolia,2007,2607976.0,57086.0,17357.0,1910,4.0752277,8750.134
Mongolia,2008,2634431.0,62960.0,17270.0,1919,4.55693,9379.8545
Mongolia,2009,2665333.0,66143.0,17736.0,1859,4.4598007,9095.977
Mongolia,2010,2701739.0,64164.0,18320.0,1700,3.7394564,9507.119
Mongolia,2011,2745183.0,66823.0,18824.0,1656,3.5861208,10960.096
Mongolia,2012,2795463.0,71536.0,18819.0,1632,3.8580008,12078.919
Mongolia,2013,2851887.0,76956.0,18683.0,1636,4.08932,13210.095
Mongolia,2014,2913041.0,78252.0,18642.0,1582,4.2098975,13943.428
Mongolia,2015,2976528.0,78749.0,18622.0,1515,4.2315454,13974.597
Mongolia,2016,3040815.0,77152.0,18637.0,1421,4.5800858,13898.1455
Mongolia,2017,3104371.0,74893.0,18766.0,1325,4.339542,14401.537
Mongolia,2018,3167714.0,74921.0,19014.0,1250,4.534493,15230.241
Mongolia,2019,3232118.0,76120.0,19684.0,1204,4.49498,15790.696
Mongolia,2020,3290786.0,73521.0,21273.0,1117,4.666249,14801.342
Mongolia,2021,3339676.0,70193.0,24665.0,1017,7.2104273,14792.251
Mongolia,2022,3386015.0,67247.0,20081.0,923,8.851702,15310.435
Montenegro,2011,632689.0,7713.0,6174.0,51,7.966922,20110.486
Montenegro,2012,633546.0,7936.0,6186.0,51,8.295505,19576.412
Montenegro,2013,633199.0,7947.0,6309.0,46,8.471446,20201.291
Montenegro,2014,631377.0,7931.0,6393.0,43,8.000868,20641.764
Montenegro,2015,628145.0,7746.0,6524.0,31,9.021888,21131.842
Montenegro,2016,624246.0,7754.0,6631.0,38,8.63303,21834.092
Montenegro,2017,620112.0,7521.0,6696.0,25,7.982554,22513.781
Montenegro,2018,615798.0,7263.0,6716.0,25,8.343555,23562.176
Montenegro,2019,611671.0,7220.0,6885.0,29,8.329832,24585.115
Montenegro,2020,607934.0,7114.0,7519.0,30,11.421776,20904.6
Montenegro,2021,603854.0,7033.0,9135.0,24,10.5838,23689.979
Montenegro,2022,614649.0,7032.0,7333.0,34,10.190818,25583.316
Morocco,2000,28423439.0,644893.0,183547.0,33833,3.6930459,5100.1157
Morocco,2001,28814646.0,636432.0,183827.0,31943,3.816012,5417.5786
Morocco,2002,29198146.0,630693.0,184541.0,30296,4.0611753,5544.072
Morocco,2003,29571415.0,638403.0,185750.0,29045,4.080375,5810.053
Morocco,2004,29953021.0,649571.0,187816.0,28058,4.232111,5996.39
Morocco,2005,30358145.0,662341.0,188078.0,26930,4.3735065,6103.4224
Morocco,2006,30771179.0,672603.0,189409.0,25925,4.5658665,6488.674
Morocco,2007,31186468.0,683664.0,190147.0,24779,4.80759,6620.5903
Morocco,2008,31606769.0,690897.0,191139.0,23664,4.8378916,6901.9507
Morocco,2009,32030779.0,701896.0,192522.0,22712,5.273122,7063.727
Morocco,2010,32467009.0,710089.0,194274.0,21816,5.4186106,7210.6367
Morocco,2011,32912585.0,707816.0,194528.0,20598,5.370194,7503.793
Morocco,2012,33355246.0,699725.0,195014.0,19355,5.39619,7628.644
Morocco,2013,33787573.0,687270.0,194975.0,17955,5.2554054,7839.032
Morocco,2014,34204784.0,676799.0,195522.0,16724,5.416266,7951.7983
Morocco,2015,34607590.0,674422.0,196775.0,15751,5.104356,8198.809
Morocco,2016,35023459.0,673304.0,198656.0,14945,5.092034,8141.9404
Morocco,2017,35446395.0,670575.0,199580.0,14151,4.989204,8450.009
Morocco,2018,35839760.0,665650.0,201291.0,13432,4.9451666,8611.75
Morocco,2019,36210907.0,661124.0,203826.0,12816,5.020401,8768.176
Morocco,2020,36584208.0,653031.0,237014.0,12198,5.789395,8054.563
Morocco,2021,36954443.0,645134.0,237302.0,11578,5.453145,8623.266
Morocco,2022,37329068.0,635906.0,207991.0,10959,5.75281,8690.448
Mozambique,2000,18129652.0,790145.0,283984.0,133499,2.1425304,711.9764
Mozambique,2001,18537735.0,798466.0,278877.0,127997,2.8009822,785.79016
Mozambique,2002,18958338.0,805208.0,275343.0,123026,3.1865265,842.64526
Mozambique,2003,19392477.0,813926.0,272917.0,118129,3.2509537,883.23914
Mozambique,2004,19840312.0,826112.0,271139.0,113700,3.5306265,934.134
Mozambique,2005,20304577.0,839720.0,269591.0,109601,4.2143564,970.38995
Mozambique,2006,20787088.0,854709.0,268694.0,105997,3.9455903,1041.8047
Mozambique,2007,21287638.0,878497.0,267588.0,103211,3.7995555,1095.1257
Mozambique,2008,21819037.0,922442.0,267533.0,102040,4.1349683,1141.9425
Mozambique,2009,22391751.0,960777.0,267121.0,101255,5.0556235,1178.7091
Mozambique,2010,22999234.0,984504.0,265480.0,99707,5.2924967,1224.2302
Mozambique,2011,23649045.0,1003989.0,262694.0,97701,4.921764,1275.5295
Mozambique,2012,24337849.0,1022644.0,259557.0,95518,5.140357,1338.516
Mozambique,2013,25051613.0,1040984.0,256342.0,93397,6.0455604,1385.8325
Mozambique,2014,25788473.0,1051953.0,252180.0,90761,6.2401304,1449.9293
Mozambique,2015,26547576.0,1073209.0,248787.0,88740,6.609729,1512.5997
Mozambique,2016,27337107.0,1096020.0,245602.0,86948,7.2150187,1537.9086
Mozambique,2017,28166397.0,1119768.0,243156.0,85475,7.8053217,1532.0073
Mozambique,2018,29018647.0,1144727.0,241564.0,84422,7.9790335,1538.8351
Mozambique,2019,29884378.0,1169000.0,241404.0,83730,7.9020743,1528.8899
Mozambique,2020,30783685.0,1192444.0,246483.0,82788,7.5519004,1466.1248
Mozambique,2021,31707798.0,1217662.0,266430.0,81846,8.648414,1457.2354
Mozambique,2022,32656242.0,1240622.0,236918.0,81122,8.248681,1476.7344
Myanmar,2000,45290850.0,1049124.0,452147.0,93604,2.0078197,1359.9304
Myanmar,2001,45771140.0,1055461.0,453963.0,91236,2.1620898,1498.3116
Myanmar,2002,46232656.0,1058373.0,455495.0,88790,2.5944676,1661.7358
Myanmar,2003,46667191.0,1038439.0,456276.0,85234,2.3959713,1874.1713
Myanmar,2004,47068779.0,1013424.0,456954.0,81099,2.3325377,2110.2373
Myanmar,2005,47438362.0,994616.0,457142.0,77015,2.3447094,2377.9026
Myanmar,2006,47785141.0,984324.0,457144.0,73410,2.2655919,2669.327
Myanmar,2007,48125047.0,980431.0,456705.0,70179,2.0360687,2968.3032
Myanmar,2008,48390790.0,967497.0,594207.0,99785,2.1217532,3254.739
Myanmar,2009,48660458.0,957663.0,452550.0,63121,2.172837,3578.1743
Myanmar,2010,49024376.0,949345.0,451594.0,60122,1.9679378,3893.7903
Myanmar,2011,49419825.0,943237.0,450936.0,57314,1.9507781,4078.6123
Myanmar,2012,49837451.0,937884.0,450678.0,54665,2.4360523,4340.9995
Myanmar,2013,50262658.0,939101.0,451484.0,52385,3.1111202,4666.9536
Myanmar,2014,50681635.0,940171.0,452077.0,50340,4.149409,5006.507
Myanmar,2015,51089060.0,950670.0,454923.0,48835,5.1971154,5313.886
Myanmar,2016,51495701.0,955836.0,456297.0,47232,4.7622094,5580.9897
Myanmar,2017,51894939.0,951790.0,459518.0,45528,4.692126,5877.8745
Myanmar,2018,52272250.0,943745.0,461395.0,43576,4.5351467,6201.263
Myanmar,2019,52640718.0,935659.0,465707.0,41819,3.814466,6562.989
Myanmar,2020,53016525.0,925479.0,476824.0,40003,4.278087,5926.8345
Myanmar,2021,53387103.0,918313.0,524224.0,38838,5.5353065,5178.4473
Myanmar,2022,53756791.0,909108.0,493467.0,37382,4.491585,5350.4766
Namibia,2000,1818650.0,57491.0,22216.0,4369,10.045453,7858.3877
Namibia,2001,1857059.0,56604.0,23661.0,4345,10.465676,7786.5415
Namibia,2002,1889976.0,56012.0,24072.0,4217,10.478712,8017.2812
Namibia,2003,1917469.0,55660.0,24545.0,4095,10.744746,8237.366
Namibia,2004,1942087.0,56160.0,24690.0,3966,10.885438,9130.824
Namibia,2005,1966581.0,57653.0,24743.0,3842,10.825065,9245.137
Namibia,2006,1991890.0,59226.0,24537.0,3712,11.3029,9773.298
Namibia,2007,2018607.0,60516.0,24080.0,3579,11.413729,10162.24
Namibia,2008,2047059.0,61954.0,23808.0,3464,10.67727,10286.513
Namibia,2009,2077400.0,63602.0,23663.0,3388,9.904353,10166.29
Namibia,2010,2109815.0,65416.0,23365.0,3274,10.622789,10614.62
Namibia,2011,2146331.0,66840.0,23284.0,3314,10.860683,10965.273
Namibia,2012,2194656.0,68806.0,22603.0,3247,10.203602,11266.609
Namibia,2013,2252505.0,70227.0,22424.0,3259,10.088876,11593.575
Namibia,2014,2312143.0,71703.0,22118.0,3261,8.40891,11982.696
Namibia,2015,2374305.0,72815.0,21970.0,3252,9.981063,12166.565
Namibia,2016,2439219.0,73932.0,21706.0,3242,9.32231,11846.788
Namibia,2017,2506854.0,74332.0,21359.0,3215,8.713485,11408.726
Namibia,2018,2577327.0,74916.0,20942.0,3195,8.621483,11214.386
Namibia,2019,2650499.0,75237.0,20468.0,3163,8.858058,10813.305
Namibia,2020,2728760.0,75551.0,20516.0,3118,9.560602,9652.248
Namibia,2021,2810552.0,75946.0,25790.0,3094,10.196447,9709.1
Namibia,2022,2889668.0,76123.0,21591.0,3035,9.621988,9953.098
Nauru,2000,10187.0,287.0,79.0,13,18.966713,8846.081
Nauru,2001,10147.0,283.0,77.0,11,16.2233,8278.926
Nauru,2002,10105.0,280.0,74.0,11,13.808125,7488.8916
Nauru,2003,10086.0,280.0,72.0,11,9.9744425,7527.3755
Nauru,2004,10084.0,283.0,73.0,11,6.8788958,7201.871
Nauru,2005,10071.0,286.0,72.0,11,10.820818,7209.7544
Nauru,2006,10061.0,292.0,75.0,11,12.417615,7830.7183
Nauru,2007,10042.0,305.0,75.0,11,24.23069,6110.384
Nauru,2008,10032.0,323.0,75.0,11,23.004093,7340.519
Nauru,2009,10041.0,343.0,76.0,12,12.3157625,6927.867
Nauru,2010,10067.0,363.0,75.0,12,12.696401,6909.242
Nauru,2011,10116.0,372.0,71.0,14,9.971237,7882.141
Nauru,2012,10289.0,371.0,66.0,13,8.84149,9640.802
Nauru,2013,10539.0,372.0,69.0,13,9.568994,9799.738
Nauru,2014,10766.0,373.0,71.0,12,8.121445,11114.392
Nauru,2015,10975.0,375.0,72.0,12,13.913319,11271.912
Nauru,2016,11173.0,374.0,74.0,11,10.952517,11531.363
Nauru,2017,11351.0,365.0,76.0,11,11.488645,10633.276
Nauru,2018,11499.0,352.0,77.0,10,11.090157,10402.613
Nauru,2019,11609.0,343.0,77.0,10,11.561557,11184.528
Nauru,2020,11665.0,334.0,76.0,8,11.556502,11306.0205
Nauru,2021,11727.0,325.0,80.0,8,10.853991,12113.788
Nauru,2022,11822.0,314.0,78.0,8,18.342293,12019.35
Nepal,2000,24546509.0,759927.0,205423.0,60684,3.1329207,2340.8157
Nepal,2001,24946755.0,742840.0,200715.0,56180,3.812299,2413.8142
Nepal,2002,25328989.0,725448.0,200413.0,52165,3.9386334,2380.2441
Nepal,2003,25688762.0,712403.0,195832.0,48467,3.856073,2439.4949
Nepal,2004,26016652.0,698220.0,193353.0,45079,4.046299,2521.541
Nepal,2005,26309462.0,679767.0,190671.0,41806,3.9509532,2580.231
Nepal,2006,26565430.0,662426.0,187100.0,38866,3.5440245,2641.348
Nepal,2007,26788498.0,652335.0,187548.0,36472,3.6729748,2708.7144
Nepal,2008,26990036.0,640452.0,188085.0,34138,3.8175635,2852.6099
Nepal,2009,27173035.0,631403.0,190088.0,32172,3.9017951,2961.839
Nepal,2010,27341955.0,624784.0,192149.0,30317,4.3613153,3085.314
Nepal,2011,27464499.0,622163.0,192204.0,28727,4.452202,3176.6504
Nepal,2012,27534916.0,623697.0,193558.0,27350,4.4907875,3316.5007
Nepal,2013,27589997.0,619613.0,194814.0,25987,4.63013,3426.5579
Nepal,2014,27672373.0,619578.0,196401.0,24835,5.075494,3621.7317
Nepal,2015,27823631.0,616049.0,205492.0,24778,5.4661555,3745.2617
Nepal,2016,27955471.0,613425.0,197509.0,22257,5.42379,3743.7446
Nepal,2017,28011258.0,604268.0,198048.0,20973,4.7217402,4071.7043
Nepal,2018,28079688.0,593089.0,198515.0,19593,4.528454,4371.3857
Nepal,2019,28414066.0,586696.0,199575.0,18541,4.445247,4607.5244
Nepal,2020,28966580.0,584195.0,210632.0,17711,5.2080965,4412.542
Nepal,2021,29475016.0,579915.0,228750.0,16694,5.534983,4546.2295
Nepal,2022,29715435.0,583699.0,204695.0,16030,6.529503,4763.3877
Netherlands,2000,16058757.0,208618.0,140610.0,1298,7.703824,56016.832
Netherlands,2001,16182705.0,204850.0,140384.0,1297,8.041769,56887.4
Netherlands,2002,16288060.0,203847.0,142560.0,1239,8.6187935,56664.402
Netherlands,2003,16366914.0,201574.0,141893.0,1155,9.019793,56452.87
Netherlands,2004,16425562.0,195452.0,136529.0,1043,9.071567,57391.35
Netherlands,2005,16465707.0,189568.0,136474.0,1119,9.059846,58422.03
Netherlands,2006,16493851.0,186520.0,135429.0,995,9.035755,60391.516
Netherlands,2007,16531360.0,182610.0,132982.0,885,9.000522,62601.66
Netherlands,2008,16597259.0,185160.0,135097.0,856,9.218193,63678.402
Netherlands,2009,16684148.0,185665.0,134193.0,851,9.90839,61029.734
Netherlands,2010,16771232.0,185182.0,136031.0,836,10.094522,61518.58
Netherlands,2011,16851061.0,181222.0,135660.0,753,10.145378,62318.14
Netherlands,2012,16915191.0,177354.0,140720.0,776,10.454673,61480.84
Netherlands,2013,16967066.0,173286.0,141020.0,741,10.502474,61281.312
Netherlands,2014,17030085.0,176448.0,139228.0,741,10.456996,62045.848
Netherlands,2015,17107429.0,172414.0,147135.0,661,10.18858,63081.41
Netherlands,2016,17204693.0,173884.0,148977.0,706,9.891484,64267.746
Netherlands,2017,17315376.0,171568.0,150189.0,697,9.937125,65665.99
Netherlands,2018,17421285.0,170390.0,153486.0,681,9.85084,66758.24
Netherlands,2019,17537505.0,171329.0,151972.0,723,9.936163,67847.88
Netherlands,2020,17636732.0,171111.0,168611.0,739,10.949547,64862.188
Netherlands,2021,17730565.0,182048.0,170891.0,696,11.13499,68573.56
Netherlands,2022,17904421.0,172487.0,166817.0,695,10.031092,71324.04
New Zealand,2000,3857576.0,56573.0,26863.0,433,7.4699597,35984.63
New Zealand,2001,3891763.0,55577.0,28096.0,373,7.578936,36995.06
New Zealand,2002,3951116.0,53577.0,28330.0,370,7.9003425,38072.27
New Zealand,2003,4022585.0,55356.0,28334.0,353,7.7217994,39092.344
New Zealand,2004,4083912.0,57350.0,28713.0,383,7.900957,40091.14
New Zealand,2005,4135002.0,57243.0,27423.0,360,8.273247,40970.297
New Zealand,2006,4181943.0,58877.0,28587.0,362,8.638467,41596.832
New Zealand,2007,4223270.0,63621.0,28855.0,403,8.3289995,42473.117
New Zealand,2008,4261819.0,64045.0,29556.0,376,8.651337,41682.246
New Zealand,2009,4304304.0,62332.0,29371.0,373,9.135664,41251.0
New Zealand,2010,4347766.0,63378.0,28833.0,386,9.095111,41395.37
New Zealand,2011,4382699.0,61336.0,30550.0,340,9.107482,41961.92
New Zealand,2012,4411682.0,60876.0,30497.0,318,9.202432,42693.42
New Zealand,2013,4453857.0,58405.0,29815.0,303,8.939355,43453.28
New Zealand,2014,4522976.0,56707.0,31392.0,375,8.972041,44369.766
New Zealand,2015,4614035.0,59854.0,31898.0,304,8.889206,45097.016
New Zealand,2016,4714768.0,58552.0,31403.0,245,8.76869,45746.137
New Zealand,2017,4812749.0,58574.0,33627.0,274,8.617958,46285.98
New Zealand,2018,4900840.0,57387.0,33626.0,263,8.56967,46974.684
New Zealand,2019,4989410.0,58824.0,34371.0,326,8.618987,47392.19
New Zealand,2020,5069895.0,57391.0,32749.0,257,9.252402,46326.38
New Zealand,2021,5107694.0,58853.0,35077.0,323,9.550724,48202.09
New Zealand,2022,5131731.0,58955.0,41114.0,365,10.568146,49842.984
Nicaragua,2000,5022636.0,140057.0,30866.0,5414,5.238837,4878.2476
Nicaragua,2001,5087827.0,137546.0,30440.0,5045,5.4845977,4958.3276
Nicaragua,2002,5149914.0,135342.0,29526.0,4702,5.7331586,4935.485
Nicaragua,2003,5210970.0,135094.0,28953.0,4438,6.083176,5000.6113
Nicaragua,2004,5272909.0,135380.0,28479.0,4220,6.0574036,5204.382
Nicaragua,2005,5342108.0,136819.0,27834.0,4041,6.2246895,5356.958
Nicaragua,2006,5418857.0,137789.0,27719.0,3871,6.3575644,5500.4053
Nicaragua,2007,5497247.0,138398.0,28055.0,3769,6.9564304,5697.211
Nicaragua,2008,5576597.0,138818.0,28421.0,3573,7.167007,5809.099
Nicaragua,2009,5656602.0,139213.0,28998.0,3419,7.685844,5538.3657
Nicaragua,2010,5737451.0,139679.0,29201.0,3324,7.7101917,5701.1274
Nicaragua,2011,5819051.0,139419.0,29385.0,3158,7.44982,5976.2524
Nicaragua,2012,5901290.0,139361.0,29293.0,3029,7.488369,6275.787
Nicaragua,2013,5983852.0,138841.0,29816.0,2913,7.6386924,6494.1494
Nicaragua,2014,6066493.0,138535.0,30116.0,2786,7.9771614,6712.2173
Nicaragua,2015,6149417.0,138051.0,30701.0,2675,7.9630327,6939.032
Nicaragua,2016,6232664.0,137493.0,30905.0,2569,8.048776,7158.7573
Nicaragua,2017,6316235.0,136727.0,31261.0,2476,8.327544,7391.1963
Nicaragua,2018,6400074.0,135740.0,30926.0,2369,8.4993515,7049.027
Nicaragua,2019,6483660.0,134914.0,32095.0,2277,8.500371,6756.5933
Nicaragua,2020,6565267.0,134259.0,43752.0,2185,8.557393,6523.3696
Nicaragua,2021,6644745.0,133188.0,43972.0,2097,9.549849,7119.169
Nicaragua,2022,6730662.0,132560.0,31572.0,2017,8.978827,7277.8203
Niger,2000,11509634.0,614503.0,203712.0,134131,4.658915,1197.6348
Niger,2001,11920648.0,631976.0,203549.0,131697,4.7265935,1240.3855
Niger,2002,12349150.0,649336.0,202566.0,128678,4.8271704,1256.237
Niger,2003,12796979.0,667720.0,200421.0,125113,4.7474065,1238.5878
Niger,2004,13265843.0,686849.0,198530.0,121702,4.9781833,1199.1594
Niger,2005,13756192.0,707304.0,196139.0,118252,5.8774962,1241.2007
Niger,2006,14268583.0,727220.0,193865.0,115113,5.9933558,1267.6014
Niger,2007,14803604.0,748968.0,192157.0,112566,5.431059,1260.1854
Niger,2008,15361921.0,770730.0,191015.0,110708,5.246406,1308.2751
Niger,2009,15943673.0,794002.0,191320.0,109855,5.3385015,1285.2776
Niger,2010,16548833.0,816735.0,192042.0,109442,4.9610047,1344.4989
Niger,2011,17176286.0,838594.0,193421.0,109586,4.8732386,1325.9265
Niger,2012,17836770.0,860043.0,196024.0,110461,4.307327,1411.52
Niger,2013,18519899.0,885168.0,199104.0,111719,4.46636,1431.7112
Niger,2014,19215917.0,906992.0,202368.0,113160,4.4537716,1471.5055
Niger,2015,19939496.0,928715.0,207093.0,114869,5.3474593,1480.3982
Niger,2016,20685758.0,949088.0,210085.0,116404,4.5323906,1488.0864
Niger,2017,21435449.0,965813.0,213441.0,117737,5.576096,1515.483
Niger,2018,22188074.0,980292.0,216759.0,118700,5.303108,1565.0197
Niger,2019,22947765.0,995141.0,219688.0,119331,5.666421,1605.1948
Niger,2020,23717615.0,1010377.0,225947.0,119759,6.1701226,1622.2787
Niger,2021,24502145.0,1027422.0,233990.0,120330,5.8145275,1587.8479
Niger,2022,25311978.0,1061832.0,232185.0,121431,4.349805,1724.897
Nigeria,2000,126382490.0,5547161.0,2203966.0,967366,3.1973834,4889.0034
Nigeria,2001,129862594.0,5705335.0,2227031.0,966163,3.1894686,5039.549
Nigeria,2002,133471995.0,5848982.0,2242262.0,961805,2.4906397,5654.897
Nigeria,2003,137202646.0,5997118.0,2245989.0,955898,5.05361,5905.315
Nigeria,2004,141057045.0,6132384.0,2254941.0,951687,4.633684,6275.299
Nigeria,2005,145017256.0,6289434.0,2275676.0,944732,4.4659195,6496.932
Nigeria,2006,149077335.0,6435928.0,2300286.0,938338,4.2577515,6702.9453
Nigeria,2007,153267254.0,6574697.0,2309240.0,932411,3.9099724,6949.4263
Nigeria,2008,157595014.0,6745470.0,2332620.0,930504,3.6958153,7215.7695
Nigeria,2009,162049466.0,6886601.0,2358476.0,930098,3.580197,7581.406
Nigeria,2010,166642888.0,7022105.0,2392924.0,930912,3.2965329,7962.6396
Nigeria,2011,171379602.0,7162528.0,2434061.0,933320,3.3207793,8153.5317
Nigeria,2012,176200627.0,7244727.0,2470094.0,933704,3.3598425,8265.905
Nigeria,2013,181049440.0,7321803.0,2510138.0,933036,3.4206934,8581.208
Nigeria,2014,185896917.0,7415859.0,2553399.0,934264,3.3484042,8884.774
Nigeria,2015,190671883.0,7426774.0,2603769.0,928185,3.58195,8892.058
Nigeria,2016,195443698.0,7382060.0,2620524.0,913578,3.6477368,8534.692
Nigeria,2017,200254580.0,7347957.0,2641676.0,897371,3.747625,8396.784
Nigeria,2018,204938752.0,7314240.0,2654288.0,877160,3.0906935,8362.623
Nigeria,2019,209485637.0,7266105.0,2656000.0,852060,2.9854705,8361.787
Nigeria,2020,213996185.0,7218484.0,2693279.0,825599,3.3806343,7664.211
Nigeria,2021,218529286.0,7330875.0,2689258.0,806738,4.076257,7588.479
Nigeria,2022,223150906.0,7406815.0,2667409.0,787808,4.0426903,7752.262
North Macedonia,2000,2057254.0,29766.0,18013.0,460,8.869915,11988.245
North Macedonia,2001,2066300.0,27656.0,17566.0,407,8.381592,11571.812
North Macedonia,2002,2074482.0,28591.0,18549.0,391,8.97827,11830.263
North Macedonia,2003,2081417.0,28012.0,18461.0,414,9.008577,12077.849
North Macedonia,2004,2086581.0,24498.0,18184.0,372,8.4650545,12683.381
North Macedonia,2005,2089809.0,23641.0,18628.0,340,7.6790752,13354.461
North Macedonia,2006,2089232.0,24414.0,18704.0,317,7.383146,14118.2295
North Macedonia,2007,2081972.0,24555.0,19454.0,285,6.5706534,15118.244
North Macedonia,2008,2070837.0,24707.0,18734.0,271,6.553176,16038.041
North Macedonia,2009,2060601.0,25389.0,18730.0,340,6.528464,16084.228
North Macedonia,2010,2051510.0,26063.0,18792.0,217,6.713697,16731.09
North Macedonia,2011,2040445.0,24390.0,19246.0,207,6.5188737,17201.236
North Macedonia,2012,2027288.0,25148.0,19642.0,281,6.6146836,17189.996
North Macedonia,2013,2013280.0,24529.0,18663.0,273,6.7192836,17758.229
North Macedonia,2014,1997842.0,24809.0,19139.0,267,6.2899337,18452.207
North Macedonia,2015,1980366.0,24296.0,19762.0,233,6.342279,19215.074
North Macedonia,2016,1961268.0,24258.0,19847.0,314,6.3794336,19825.773
North Macedonia,2017,1940877.0,22977.0,19771.0,231,6.4390945,20121.05
North Macedonia,2018,1919730.0,22543.0,18939.0,142,6.4569936,20805.922
North Macedonia,2019,1897643.0,20958.0,19661.0,140,7.066541,21766.885
North Macedonia,2020,1872021.0,20045.0,24935.0,129,7.732124,20971.441
North Macedonia,2021,1851109.0,19383.0,27375.0,104,8.418512,22144.193
North Macedonia,2022,1840236.0,18639.0,21619.0,69,7.4216475,22822.234
Norway,2000,4490864.0,59170.0,44037.0,286,7.702706,76775.945
Norway,2001,4513650.0,56679.0,43948.0,272,8.009725,78041.016
Norway,2002,4538016.0,55283.0,44482.0,258,8.982671,78752.59
Norway,2003,4564666.0,56304.0,42466.0,252,9.193551,79150.4
Norway,2004,4591739.0,56726.0,41225.0,230,8.795983,82091.195
Norway,2005,4623120.0,56454.0,41199.0,222,8.298995,83955.336
Norway,2006,4660487.0,58056.0,41214.0,227,7.8823,85653.14
Norway,2007,4709017.0,57832.0,41817.0,215,8.01674,87670.86
Norway,2008,4768097.0,59691.0,41641.0,203,7.9150767,87297.4
Norway,2009,4828625.0,61036.0,41358.0,227,9.032541,84812.69
Norway,2010,4889160.0,60651.0,41440.0,199,8.858115,84604.516
Norway,2011,4952969.0,59454.0,41382.0,173,8.73474,84670.836
Norway,2012,5018453.0,59462.0,41895.0,181,8.721886,85925.875
Norway,2013,5080126.0,58331.0,41131.0,174,8.874313,85973.766
Norway,2014,5137397.0,58538.0,40416.0,171,9.282979,86790.79
Norway,2015,5189777.0,58610.0,40757.0,169,10.069922,87688.12
Norway,2016,5235974.0,58544.0,40644.0,151,10.530498,88041.64
Norway,2017,5276807.0,56370.0,40712.0,160,10.229836,89664.91
Norway,2018,5311751.0,54921.0,40811.0,142,9.960379,90064.07
Norway,2019,5347733.0,54260.0,40591.0,141,10.438075,90772.9
Norway,2020,5379275.0,53029.0,40593.0,113,11.424164,89012.27
Norway,2021,5408082.0,56033.0,41912.0,123,9.814264,92205.77
Norway,2022,5456796.0,51078.0,45619.0,120,7.9087305,95109.82
Oman,2000,2282139.0,54409.0,7199.0,912,2.6848543,42086.043
Oman,2001,2310223.0,53724.0,7071.0,847,2.7007372,43492.285
Oman,2002,2337144.0,53361.0,6964.0,796,2.7773716,42654.15
Oman,2003,2363801.0,53151.0,6876.0,762,2.7752445,41247.586
Oman,2004,2404822.0,52390.0,6736.0,711,2.596601,41351.77
Oman,2005,2459808.0,51491.0,6801.0,682,2.2647905,41551.14
Oman,2006,2514794.0,50825.0,6856.0,659,2.0198512,42540.44
Oman,2007,2570175.0,51169.0,6959.0,670,2.113711,43696.97
Oman,2008,2626536.0,54029.0,6887.0,665,1.7556757,46586.395
Oman,2009,2684665.0,58852.0,6845.0,701,2.469458,48304.117
Oman,2010,2757450.0,64393.0,6775.0,746,2.4758859,48191.613
Oman,2011,3076762.0,66403.0,6715.0,764,2.236114,44440.31
Oman,2012,3547104.0,73376.0,7808.0,829,2.2770283,41964.082
Oman,2013,3833915.0,80308.0,8402.0,882,2.505401,40854.484
Oman,2014,4002444.0,84715.0,8454.0,922,3.1374013,39639.99
Oman,2015,4184898.0,87851.0,8604.0,952,4.0782623,39813.79
Oman,2016,4390880.0,90204.0,8861.0,971,4.1758084,39860.99
Oman,2017,4537397.0,91449.0,9042.0,977,3.9541867,38691.11
Oman,2018,4597878.0,88598.0,9156.0,954,3.2146947,38673.605
Oman,2019,4591248.0,86580.0,9195.0,932,3.80649,38292.387
Oman,2020,4522502.0,85276.0,11053.0,916,5.1192293,37560.6
Oman,2021,4500429.0,82526.0,12539.0,876,4.3446865,38719.457
Oman,2022,4730229.0,77354.0,10073.0,831,3.0661404,39780.21
Pakistan,2000,154879124.0,5659445.0,1378248.0,608092,2.4807932,3531.713
Pakistan,2001,159270910.0,5687528.0,1383302.0,597870,2.3395972,3559.7278
Pakistan,2002,163222552.0,5693696.0,1386147.0,585736,2.422199,3563.6785
Pakistan,2003,167110250.0,5731005.0,1390290.0,575686,2.103992,3668.7793
Pakistan,2004,171285999.0,5688373.0,1393797.0,562394,2.0366628,3859.646
Pakistan,2005,175453212.0,5770093.0,1475667.0,571468,2.373239,4042.1545
Pakistan,2006,179682690.0,5958562.0,1420199.0,556272,2.731325,4185.8667
Pakistan,2007,184493231.0,6136679.0,1446378.0,560285,2.6237073,4257.926
Pakistan,2008,189499112.0,6363985.0,1478128.0,566756,2.5680673,4233.348
Pakistan,2009,194376535.0,6532790.0,1504762.0,571810,2.4999588,4270.439
Pakistan,2010,199239048.0,6679478.0,1532273.0,573563,2.4296765,4228.7817
Pakistan,2011,203746069.0,6732852.0,1543476.0,566239,2.2312133,4246.067
Pakistan,2012,207667129.0,6745039.0,1553679.0,555129,2.2218528,4292.021
Pakistan,2013,211073979.0,6733732.0,1557087.0,541060,2.4164784,4407.147
Pakistan,2014,214264649.0,6707146.0,1558204.0,524998,2.4889908,4520.235
Pakistan,2015,217290884.0,6670207.0,1556593.0,507804,2.4949327,4645.286
Pakistan,2016,220138863.0,6594506.0,1549589.0,487897,2.5702636,4886.6123
Pakistan,2017,223273974.0,6639809.0,1549528.0,473606,2.786301,5031.5605
Pakistan,2018,226928893.0,6658753.0,1554977.0,460389,2.8284495,5255.0635
Pakistan,2019,230800908.0,6689991.0,1562916.0,447895,2.8473694,5295.953
Pakistan,2020,235001745.0,6726852.0,1715720.0,436047,2.9527302,5135.0146
Pakistan,2021,239477805.0,6797293.0,1731350.0,426030,2.9901583,5367.2734
Pakistan,2022,243700667.0,6855375.0,1587285.0,417327,2.9035478,5526.2793
Palau,2000,19206.0,276.0,188.0,7,8.637289,15410.174
Palau,2001,19379.0,280.0,191.0,7,7.7965946,16393.451
Palau,2002,19527.0,282.0,196.0,7,7.2869115,17033.49
Palau,2003,19683.0,281.0,197.0,6,8.095788,16538.77
Palau,2004,19841.0,278.0,199.0,6,9.134798,16974.068
Palau,2005,19837.0,276.0,202.0,6,8.6317425,17464.621
Palau,2006,19616.0,271.0,195.0,6,8.739992,17706.367
Palau,2007,19324.0,265.0,187.0,6,8.837099,18096.799
Palau,2008,19031.0,260.0,181.0,5,8.413782,17355.242
Palau,2009,18736.0,255.0,178.0,5,9.630574,16541.121
Palau,2010,18420.0,251.0,169.0,4,10.931,16313.429
Palau,2011,18099.0,249.0,159.0,4,9.943211,17354.934
Palau,2012,17791.0,249.0,148.0,4,10.246091,18024.754
Palau,2013,17670.0,247.0,153.0,4,10.926917,17891.379
Palau,2014,17740.0,237.0,158.0,4,10.711115,18574.79
Palau,2015,17791.0,224.0,165.0,5,9.763253,20104.232
Palau,2016,17824.0,227.0,169.0,5,10.01227,20408.262
Palau,2017,17838.0,222.0,171.0,4,10.90419,19693.408
Palau,2018,17843.0,214.0,178.0,4,11.191098,19608.96
Palau,2019,17821.0,212.0,186.0,4,12.174058,19685.604
Palau,2020,17817.0,207.0,195.0,4,13.315411,18509.25
Palau,2021,17809.0,202.0,201.0,4,14.55276,16312.19
Palau,2022,17784.0,197.0,200.0,4,14.878421,16258.627
Palestine,2000,3151800.0,121414.0,12795.0,3644,9.465412,4520.89
Palestine,2001,3242286.0,123288.0,13770.0,3584,10.315458,3996.5088
Palestine,2002,3322369.0,124385.0,13045.0,3567,11.046741,3409.1729
Palestine,2003,3398071.0,124384.0,13289.0,3395,9.558971,3788.9265
Palestine,2004,3475178.0,125515.0,13564.0,3300,11.379288,4503.0806
Palestine,2005,3557406.0,126494.0,12996.0,3213,10.995571,4885.0728
Palestine,2006,3645096.0,127114.0,13620.0,3125,10.502402,4714.3735
Palestine,2007,3736694.0,127280.0,13806.0,3031,9.58784,4769.5234
Palestine,2008,3829039.0,129753.0,14208.0,3199,10.5261,4984.8057
Palestine,2009,3921245.0,133397.0,14648.0,3233,10.764684,5270.663
Palestine,2010,4016918.0,138755.0,13910.0,2979,9.104994,5432.2437
Palestine,2011,4115912.0,140283.0,14118.0,2923,11.346225,5805.3213
Palestine,2012,4215318.0,140669.0,14432.0,2859,10.301105,6009.1094
Palestine,2013,4315263.0,141971.0,14418.0,2768,10.448744,6142.202
Palestine,2014,4415887.0,144762.0,17023.0,3174,9.920156,5990.427
Palestine,2015,4521564.0,148625.0,15005.0,2723,9.284733,6072.6504
Palestine,2016,4632743.0,149516.0,15116.0,2631,9.003985,6464.1333
Palestine,2017,4742747.0,149076.0,15269.0,2528,9.122353,6426.7954
Palestine,2018,4850593.0,148084.0,15607.0,2477,9.656177,6342.9375
Palestine,2019,4957773.0,147286.0,15540.0,2339,9.185769,6269.891
Palestine,2020,5069692.0,146398.0,17189.0,2231,10.276102,5423.6826
Palestine,2021,5185341.0,146355.0,19537.0,2209,10.434735,5663.1216
Palestine,2022,5305274.0,146294.0,15876.0,2117,9.706139,5753.084
Panama,2000,3010376.0,70773.0,14537.0,1786,6.984866,14572.98
Panama,2001,3069545.0,71276.0,14615.0,1750,6.9184985,14427.836
Panama,2002,3129343.0,71715.0,14711.0,1711,7.0564384,14507.149
Panama,2003,3189813.0,72250.0,14792.0,1667,6.7117667,14957.559
Panama,2004,3251158.0,73308.0,15025.0,1638,7.0819283,15875.119
Panama,2005,3313024.0,73219.0,15201.0,1581,6.206666,16867.967
Panama,2006,3375024.0,73521.0,15449.0,1539,6.5460486,18190.281
Panama,2007,3437490.0,74220.0,15765.0,1498,7.3522763,20208.83
Panama,2008,3500646.0,75006.0,16045.0,1478,6.8045254,21867.828
Panama,2009,3564383.0,75482.0,16315.0,1434,6.9857955,21822.996
Panama,2010,3628537.0,76140.0,16727.0,1417,7.2233257,22739.12
Panama,2011,3693509.0,77488.0,17079.0,1400,6.8319626,24999.47
Panama,2012,3759261.0,77938.0,17466.0,1387,6.5045066,26926.896
Panama,2013,3825333.0,78114.0,17821.0,1368,6.5221043,28135.338
Panama,2014,3892100.0,78413.0,18187.0,1361,6.915321,28931.816
Panama,2015,3960034.0,78563.0,18665.0,1345,6.936985,29933.168
Panama,2016,4029085.0,78547.0,19090.0,1328,7.093781,30765.25
Panama,2017,4098704.0,78206.0,19596.0,1314,7.1649265,31979.824
Panama,2018,4167860.0,77189.0,19686.0,1341,7.6013293,32681.473
Panama,2019,4234698.0,74406.0,19986.0,1340,8.135418,33163.72
Panama,2020,4293258.0,71775.0,25184.0,935,10.2163,26881.828
Panama,2021,4345410.0,71269.0,24520.0,987,9.135711,30932.764
Panama,2022,4400775.0,71463.0,20912.0,1188,9.045789,33915.168
Papua New Guinea,2000,5537068.0,190600.0,43109.0,13349,2.0184176,3327.2249
Papua New Guinea,2001,5728444.0,195992.0,44561.0,13520,2.3006382,3212.171
Papua New Guinea,2002,5924010.0,201313.0,46228.0,13676,2.7756295,3101.1924
Papua New Guinea,2003,6124005.0,206224.0,47614.0,13722,2.4531486,3064.8367
Papua New Guinea,2004,6328042.0,210128.0,49107.0,13750,2.593729,3046.7231
Papua New Guinea,2005,6535905.0,214461.0,50578.0,13771,2.4487405,3136.9875
Papua New Guinea,2006,6747724.0,218370.0,51832.0,13753,2.4260032,3202.8977
Papua New Guinea,2007,6963353.0,222279.0,52966.0,13758,2.4210212,3346.279
Papua New Guinea,2008,7183002.0,226613.0,53800.0,13656,2.1352606,3234.3325
Papua New Guinea,2009,7406442.0,230148.0,54724.0,13584,2.3293753,3350.0728
Papua New Guinea,2010,7633524.0,234608.0,55611.0,13521,2.1075602,3579.6301
Papua New Guinea,2011,7859349.0,238169.0,56326.0,13393,2.293978,3515.2832
Papua New Guinea,2012,8081396.0,240841.0,57183.0,13271,2.6669354,3577.9102
Papua New Guinea,2013,8302700.0,243715.0,57929.0,13081,2.997279,3615.7466
Papua New Guinea,2014,8523440.0,246323.0,58731.0,12896,3.2711906,3999.1304
Papua New Guinea,2015,8743247.0,248091.0,59489.0,12673,1.8188171,4155.0557
Papua New Guinea,2016,8961717.0,249721.0,60440.0,12401,2.3306305,4276.2964
Papua New Guinea,2017,9178717.0,251143.0,61423.0,12120,2.2297099,4322.777
Papua New Guinea,2018,9394518.0,253242.0,62574.0,11878,2.300519,4211.685
Papua New Guinea,2019,9609014.0,254314.0,63650.0,11543,2.3253386,4302.1626
Papua New Guinea,2020,9815743.0,256111.0,66981.0,11253,2.3019397,4078.1538
Papua New Guinea,2021,10012898.0,256149.0,72381.0,10890,2.3399472,3977.4429
Papua New Guinea,2022,10203177.0,256716.0,69852.0,10532,2.6146314,4126.0303
Paraguay,2000,5100875.0,137136.0,27156.0,4668,6.0186524,9997.33
Paraguay,2001,5187690.0,134531.0,27302.0,4472,5.608158,9748.027
Paraguay,2002,5261334.0,132104.0,27443.0,4284,4.7577057,9609.533
Paraguay,2003,5326437.0,130026.0,27605.0,4105,4.907039,9902.199
Paraguay,2004,5388181.0,129795.0,27905.0,3974,4.9322433,10185.907
Paraguay,2005,5448100.0,129227.0,28194.0,3846,4.829347,10288.801
Paraguay,2006,5505145.0,128277.0,28475.0,3714,5.0192757,10671.645
Paraguay,2007,5559385.0,127972.0,28830.0,3600,5.020427,11140.463
Paraguay,2008,5613577.0,129050.0,29233.0,3517,5.0377603,11749.654
Paraguay,2009,5671243.0,129913.0,29616.0,3432,5.5249686,11599.82
Paraguay,2010,5737973.0,129358.0,29900.0,3325,5.4659395,12736.968
Paraguay,2011,5814632.0,130732.0,30289.0,3262,5.8222585,13107.811
Paraguay,2012,5897011.0,133029.0,30526.0,3204,6.531446,12833.18
Paraguay,2013,5982447.0,134448.0,31074.0,3140,6.064285,13698.973
Paraguay,2014,6069819.0,137388.0,31814.0,3102,6.6271906,14217.558
Paraguay,2015,6159106.0,139576.0,32762.0,3056,6.691658,14425.777
Paraguay,2016,6249129.0,140526.0,33728.0,2983,6.6755657,14824.791
Paraguay,2017,6338658.0,140500.0,34873.0,2895,6.6090255,15318.401
Paraguay,2018,6427382.0,140351.0,35438.0,2801,6.7449765,15591.015
Paraguay,2019,6515059.0,139557.0,36380.0,2717,7.160819,15319.389
Paraguay,2020,6603741.0,138917.0,40253.0,2596,7.6753306,14989.767
Paraguay,2021,6684184.0,138291.0,59623.0,2500,8.03277,15400.944
Paraguay,2022,6760460.0,137617.0,42991.0,2401,7.7353783,15222.892
Peru,2000,26598328.0,633999.0,149770.0,24254,4.4148264,7668.0605
Peru,2001,26964610.0,620939.0,150792.0,22098,4.72161,7610.6396
Peru,2002,27288211.0,616690.0,152962.0,20299,4.939026,7930.51
Peru,2003,27580485.0,615873.0,156632.0,18799,4.587038,8173.277
Peru,2004,27852190.0,623654.0,164046.0,17670,4.429723,8494.84
Peru,2005,28101175.0,620739.0,166530.0,16516,4.665985,8948.747
Peru,2006,28324488.0,618081.0,172169.0,15490,4.409585,9546.625
Peru,2007,28530704.0,611857.0,176758.0,14615,4.426113,10284.967
Peru,2008,28719038.0,600453.0,186814.0,13583,4.5309834,11150.026
Peru,2009,28896819.0,590770.0,194252.0,12764,4.959769,11202.865
Peru,2010,29086021.0,578360.0,195846.0,12000,4.7058296,12057.392
Peru,2011,29304083.0,578746.0,195489.0,11408,4.5221686,12724.883
Peru,2012,29550367.0,567669.0,191165.0,10825,4.729396,13393.593
Peru,2013,29817908.0,561167.0,188485.0,10335,4.7127266,14050.242
Peru,2014,30115825.0,553109.0,184386.0,9888,4.909673,14242.645
Peru,2015,30457598.0,546658.0,183871.0,9511,4.9045362,14540.831
Peru,2016,30866497.0,542161.0,186318.0,9207,4.893533,14915.437
Peru,2017,31324639.0,540470.0,191149.0,9042,4.809155,15067.489
Peru,2018,31897590.0,540020.0,196902.0,8778,5.0835557,15384.185
Peru,2019,32449302.0,546866.0,199893.0,8721,5.1252527,15461.457
Peru,2020,32838577.0,545443.0,243508.0,8587,6.347394,13607.764
Peru,2021,33155883.0,543689.0,308253.0,8448,6.6730943,15285.7705
Peru,2022,33475436.0,541718.0,213890.0,8263,6.0974617,15566.524
Philippines,2000,79625401.0,2331835.0,429509.0,86760,3.0551236,4740.439
Philippines,2001,81401488.0,2372487.0,441272.0,85788,2.8477597,4778.401
Philippines,2002,83068889.0,2370297.0,450695.0,84009,2.6376739,4856.4995
Philippines,2003,84731836.0,2381067.0,458191.0,82721,3.076635,5003.3833
Philippines,2004,86394510.0,2386999.0,462722.0,80662,3.0468533,5229.4507
Philippines,2005,88015959.0,2389958.0,471510.0,78765,3.7425303,5386.8164
Philippines,2006,89508992.0,2454272.0,493965.0,79108,3.7776294,5578.5723
Philippines,2007,91075180.0,2459027.0,494315.0,77832,3.7531807,5840.068
Philippines,2008,92699091.0,2514010.0,506454.0,77578,3.8631592,5987.0376
Philippines,2009,94384256.0,2547176.0,521530.0,77121,4.1645193,5965.307
Philippines,2010,96337127.0,2559111.0,528137.0,76382,4.1310787,6273.039
Philippines,2011,98248614.0,2555164.0,536713.0,75369,4.0251856,6388.313
Philippines,2012,100175511.0,2526446.0,546811.0,73886,4.177092,6697.556
Philippines,2013,102076334.0,2506971.0,562222.0,72648,4.274087,7016.5386
Philippines,2014,103767127.0,2428538.0,576725.0,70433,3.7031367,7340.362
Philippines,2015,105312988.0,2415119.0,587984.0,69271,3.898275,7691.763
Philippines,2016,106735721.0,2322601.0,604337.0,66795,3.9548433,8131.825
Philippines,2017,108119691.0,2224168.0,601633.0,63894,3.9604278,8584.136
Philippines,2018,109465284.0,2125551.0,629703.0,62445,3.9538188,9016.286
Philippines,2019,110804685.0,2006034.0,653286.0,59933,4.16646,9452.294
Philippines,2020,112081270.0,1907237.0,653596.0,57271,5.1621404,8455.185
Philippines,2021,113100947.0,1821790.0,903858.0,53883,5.9750056,8857.79
Philippines,2022,113964343.0,1829885.0,714114.0,52759,5.155884,9457.104
Poland,2000,38258077.0,377996.0,371398.0,3597,5.2654824,18566.355
Poland,2001,38247359.0,368399.0,363871.0,3301,5.6401014,18800.602
Poland,2002,38229407.0,355115.0,362438.0,3023,6.048284,19166.914
Poland,2003,38203527.0,351971.0,360913.0,2865,5.933758,19855.63
Poland,2004,38167568.0,356549.0,362259.0,2748,5.8418565,20878.654
Poland,2005,38124377.0,364523.0,365074.0,2677,5.7907386,21568.947
Poland,2006,38071169.0,374507.0,369635.0,2628,5.7814837,22921.197
Poland,2007,38020420.0,388199.0,374527.0,2611,5.863901,24484.066
Poland,2008,37995902.0,411707.0,381006.0,2635,6.351968,25553.906
Poland,2009,38002153.0,416458.0,384166.0,2525,6.5703773,26204.41
Poland,2010,38095356.0,422071.0,379306.0,2390,6.4353347,27112.133
Poland,2011,38208644.0,397843.0,379591.0,2199,6.245336,28521.662
Poland,2012,38247867.0,392217.0,382605.0,2123,6.2285404,28952.916
Poland,2013,38259267.0,378663.0,382521.0,2018,6.449937,29168.625
Poland,2014,38265113.0,382547.0,384903.0,1937,6.390595,30334.879
Poland,2015,38266314.0,379618.0,384261.0,1851,6.3649035,31700.37
Poland,2016,38263260.0,392402.0,392076.0,1853,6.547044,32675.305
Poland,2017,38254964.0,409081.0,398801.0,1911,6.5371323,34354.598
Poland,2018,38241070.0,392611.0,408897.0,1741,6.2509413,36500.41
Poland,2019,38225884.0,382207.0,403767.0,1673,6.3890696,38181.62
Poland,2020,38171005.0,359575.0,459375.0,1484,6.427391,37852.8
Poland,2021,38040303.0,334752.0,502538.0,1567,6.365481,41059.586
Poland,2022,38385734.0,310232.0,421549.0,1267,6.466198,43405.023
Portugal,2000,10283196.0,118781.0,102805.0,871,8.601042,35069.83
Portugal,2001,10354329.0,112747.0,102641.0,717,8.627516,35500.227
Portugal,2002,10413045.0,113502.0,103908.0,748,8.786429,35578.52
Portugal,2003,10454246.0,112019.0,106122.0,584,9.124157,35115.38
Portugal,2004,10481386.0,109261.0,99540.0,558,9.532508,35658.13
Portugal,2005,10502993.0,108826.0,104799.0,480,9.653068,35870.31
Portugal,2006,10524123.0,105207.0,99276.0,459,9.354226,36387.535
Portugal,2007,10546822.0,102562.0,100895.0,437,9.251866,37226.47
Portugal,2008,10564086.0,103785.0,101491.0,421,9.583078,37291.504
Portugal,2009,10576265.0,99740.0,101665.0,446,10.130704,36092.812
Portugal,2010,10578659.0,100745.0,102923.0,331,10.018584,36703.113
Portugal,2011,10557050.0,96535.0,100424.0,362,9.718474,36127.297
Portugal,2012,10513155.0,89706.0,105029.0,358,9.640002,34804.633
Portugal,2013,10458287.0,83046.0,103996.0,309,9.394761,34651.773
Portugal,2014,10406203.0,82184.0,102636.0,292,9.335708,35097.41
Portugal,2015,10370264.0,84792.0,106551.0,309,9.333099,35803.36
Portugal,2016,10346377.0,86453.0,108493.0,332,9.399893,36636.297
Portugal,2017,10330838.0,85621.0,107842.0,277,9.32669,37943.113
Portugal,2018,10325355.0,86023.0,111263.0,348,9.42121,39123.613
Portugal,2019,10343218.0,85246.0,109808.0,306,9.508686,40188.285
Portugal,2020,10370519.0,83378.0,121308.0,251,10.5207405,36852.23
Portugal,2021,10390957.0,77859.0,122741.0,240,11.220315,38657.668
Portugal,2022,10417074.0,84319.0,125515.0,345,10.549224,41070.86
Qatar,2000,644993.0,11170.0,1193.0,139,1.972585,98028.52
Qatar,2001,677934.0,11925.0,1244.0,142,2.3197093,96901.59
Qatar,2002,711215.0,12341.0,1280.0,142,2.4604406,99001.49
Qatar,2003,744690.0,12601.0,1309.0,140,3.5025718,98068.125
Qatar,2004,773341.0,12573.0,1336.0,135,3.1831174,112583.93
Qatar,2005,825419.0,12741.0,1350.0,135,2.5630004,113384.266
Qatar,2006,972841.0,11647.0,1421.0,126,2.288064,121378.44
Qatar,2007,1208601.0,13032.0,1678.0,131,2.0700805,115272.51
Qatar,2008,1426942.0,16019.0,1959.0,153,1.6377535,114879.22
Qatar,2009,1586052.0,17414.0,2039.0,163,2.383563,114069.65
Qatar,2010,1709238.0,19183.0,2034.0,173,1.8701776,132502.28
Qatar,2011,1810960.0,20518.0,2081.0,181,1.599962,149025.11
Qatar,2012,1907122.0,21736.0,2157.0,186,1.7482215,147077.4
Qatar,2013,2032650.0,23105.0,2248.0,191,2.0762017,138046.6
Qatar,2014,2218378.0,24693.0,2324.0,195,2.4229357,128013.984
Qatar,2015,2427340.0,25720.0,2354.0,196,3.6358135,123070.89
Qatar,2016,2599382.0,25913.0,2389.0,191,3.5497143,120054.41
Qatar,2017,2706716.0,27151.0,2439.0,190,3.2123709,115064.945
Qatar,2018,2761144.0,27393.0,2423.0,181,2.9617622,114909.945
Qatar,2019,2797927.0,27920.0,2351.0,174,3.1846871,113160.98
Qatar,2020,2803375.0,28163.0,2952.0,168,3.818722,103061.914
Qatar,2021,2814988.0,26896.0,2965.0,156,2.8927927,116832.57
Qatar,2022,2892466.0,29212.0,2694.0,155,2.1861331,114740.125
Romania,2000,22046264.0,228113.0,256414.0,5086,4.2087617,14853.606
Romania,2001,21919916.0,220102.0,260886.0,4740,4.3759813,15848.304
Romania,2002,21770020.0,217678.0,278960.0,4433,4.5769463,17061.629
Romania,2003,21593448.0,220146.0,298262.0,4293,5.371368,17587.463
Romania,2004,21403215.0,223352.0,301142.0,4406,5.477336,19532.48
Romania,2005,21213395.0,229483.0,282750.0,4094,5.527782,20570.926
Romania,2006,21035732.0,229474.0,267555.0,3832,5.0710607,22354.564
Romania,2007,20870714.0,228535.0,254623.0,3288,5.0222335,24328.393
Romania,2008,20718745.0,242417.0,242833.0,3311,5.022772,27039.6
Romania,2009,20576922.0,242503.0,243401.0,3105,5.2781625,25761.63
Romania,2010,20432575.0,225478.0,252962.0,2773,5.638827,24902.904
Romania,2011,20282009.0,204154.0,252672.0,2387,4.47504,26150.748
Romania,2012,20158451.0,202782.0,261029.0,2315,4.509391,26767.455
Romania,2013,20062913.0,192935.0,253244.0,2107,5.2240696,26941.932
Romania,2014,19968179.0,200990.0,259813.0,2056,5.0276823,28156.13
Romania,2015,19871018.0,204558.0,268851.0,1876,4.94292,29181.879
Romania,2016,19777049.0,208708.0,263525.0,1712,5.0801277,30189.148
Romania,2017,19689405.0,213626.0,267945.0,1687,5.1887856,32852.637
Romania,2018,19597874.0,206794.0,269433.0,1530,5.514549,34828.895
Romania,2019,19501542.0,196640.0,265726.0,1396,5.6992464,36399.473
Romania,2020,19392467.0,193180.0,301133.0,1304,6.209597,35283.605
Romania,2021,19248159.0,187162.0,336900.0,1245,6.45247,37534.0
Romania,2022,19166776.0,183845.0,268227.0,1245,5.7982326,39256.824
Russia,2000,146717784.0,1268072.0,2286159.0,24935,5.019898,20104.75
Russia,2001,146117290.0,1315495.0,2308425.0,24605,5.242848,21219.904
Russia,2002,145939502.0,1403587.0,2384782.0,23786,5.5216656,22319.678
Russia,2003,145794230.0,1486835.0,2411911.0,22701,5.163689,24057.928
Russia,2004,145180091.0,1513809.0,2335314.0,21751,4.7603755,25894.146
Russia,2005,144597886.0,1472805.0,2340784.0,20307,4.771775,27656.658
Russia,2006,144102948.0,1499536.0,2193337.0,19526,4.766544,30022.672
Russia,2007,143859767.0,1632575.0,2099223.0,19418,4.7479253,32630.37
Russia,2008,143811837.0,1739291.0,2095041.0,18469,4.903641,34342.227
Russia,2009,143869128.0,1788518.0,2029235.0,18067,5.6439247,31654.004
Russia,2010,143934468.0,1815200.0,2101577.0,20840,4.971118,33063.586
Russia,2011,144043751.0,1824538.0,1936517.0,17204,4.7949147,34444.645
Russia,2012,144291025.0,1928586.0,1917404.0,20249,4.9363728,35740.7
Russia,2013,144604105.0,1922462.0,1883361.0,18793,5.0810485,36260.066
Russia,2014,144925639.0,1939723.0,1890305.0,17523,5.182094,35853.246
Russia,2015,145307612.0,1934705.0,1869623.0,15533,5.2960463,35037.152
Russia,2016,145778668.0,1886740.0,1842111.0,13999,5.2897034,35005.445
Russia,2017,146186798.0,1695524.0,1768167.0,11723,5.3589005,35570.703
Russia,2018,146430146.0,1612827.0,1790070.0,10430,5.355208,36536.695
Russia,2019,146533063.0,1496027.0,1789415.0,9251,5.648491,37319.32
Russia,2020,146371295.0,1458020.0,2158768.0,8660,8.04076,36376.336
Russia,2021,145836172.0,1421809.0,2439514.0,8445,7.029914,38638.43
Russia,2022,145579889.0,1334912.0,1909498.0,6816,6.878866,38214.69
Rwanda,2000,8213936.0,345904.0,124624.0,60076,3.5758343,1055.3505
Rwanda,2001,8287091.0,348997.0,118152.0,55051,3.3159997,1134.7845
Rwanda,2002,8400185.0,350995.0,111958.0,50461,3.127873,1267.194
Rwanda,2003,8586878.0,355510.0,104273.0,46083,6.9288874,1266.9445
Rwanda,2004,8816849.0,362771.0,97502.0,41879,7.5085697,1325.7955
Rwanda,2005,9054532.0,367960.0,92836.0,37876,7.71997,1412.061
Rwanda,2006,9299251.0,370673.0,88526.0,34254,7.6051197,1501.7646
Rwanda,2007,9549940.0,370848.0,85067.0,31010,7.8626223,1573.9681
Rwanda,2008,9804268.0,369065.0,81731.0,28028,7.559719,1704.2545
Rwanda,2009,10060438.0,365340.0,78309.0,25432,7.799514,1764.6349
Rwanda,2010,10317560.0,362647.0,75804.0,23252,8.081855,1846.8633
Rwanda,2011,10573742.0,357390.0,74472.0,21304,7.9323378,1945.5371
Rwanda,2012,10829904.0,355787.0,73191.0,19810,8.102147,2063.6648
Rwanda,2013,11093340.0,359521.0,73196.0,18717,6.7738876,2109.7466
Rwanda,2014,11364758.0,366405.0,73619.0,18024,6.98449,2176.095
Rwanda,2015,11640026.0,373619.0,74505.0,17509,6.650613,2313.0972
Rwanda,2016,11919183.0,381065.0,75520.0,17171,5.968925,2386.7483
Rwanda,2017,12202062.0,386390.0,76062.0,16829,5.3762383,2441.0854
Rwanda,2018,12488000.0,390011.0,77508.0,16576,5.457228,2577.6973
Rwanda,2019,12776102.0,391867.0,78347.0,16180,4.914715,2753.5396
Rwanda,2020,13065838.0,392254.0,79560.0,15825,5.7986226,2617.707
Rwanda,2021,13355260.0,392497.0,82606.0,15316,6.231472,2776.3928
Rwanda,2022,13651025.0,393949.0,81816.0,14902,5.928426,2983.1077
Saint Kitts and Nevis,2000,45272.0,802.0,419.0,19,4.799338,19840.58
Saint Kitts and Nevis,2001,45785.0,791.0,416.0,18,4.3969374,20648.79
Saint Kitts and Nevis,2002,46048.0,780.0,407.0,17,4.4521055,20813.404
Saint Kitts and Nevis,2003,46200.0,774.0,399.0,16,4.751597,19927.182
Saint Kitts and Nevis,2004,46337.0,765.0,390.0,15,4.490674,20661.346
Saint Kitts and Nevis,2005,46459.0,758.0,392.0,14,4.7280383,22612.713
Saint Kitts and Nevis,2006,46592.0,751.0,394.0,14,4.982034,23258.984
Saint Kitts and Nevis,2007,46734.0,742.0,398.0,14,4.7973347,23330.045
Saint Kitts and Nevis,2008,46857.0,730.0,400.0,13,5.3056602,25898.783
Saint Kitts and Nevis,2009,46941.0,717.0,413.0,13,5.2867374,24973.805
Saint Kitts and Nevis,2010,46871.0,700.0,423.0,13,5.217275,24997.566
Saint Kitts and Nevis,2011,46917.0,689.0,433.0,12,5.1724777,25380.008
Saint Kitts and Nevis,2012,47056.0,679.0,428.0,11,5.018665,25114.057
Saint Kitts and Nevis,2013,47092.0,666.0,437.0,11,5.051678,26532.102
Saint Kitts and Nevis,2014,47112.0,657.0,439.0,12,4.752966,28530.307
Saint Kitts and Nevis,2015,47108.0,647.0,448.0,12,5.12752,28729.566
Saint Kitts and Nevis,2016,47099.0,641.0,456.0,11,5.429233,29867.027
Saint Kitts and Nevis,2017,47075.0,629.0,454.0,10,5.273594,29948.92
Saint Kitts and Nevis,2018,47032.0,616.0,462.0,10,4.896709,30576.248
Saint Kitts and Nevis,2019,46976.0,604.0,467.0,10,5.1920147,31512.193
Saint Kitts and Nevis,2020,46896.0,589.0,486.0,9,5.6613045,26736.928
Saint Kitts and Nevis,2021,46786.0,574.0,594.0,9,6.1691213,26896.617
Saint Kitts and Nevis,2022,46732.0,559.0,544.0,8,5.526343,29749.87
Saint Lucia,2000,158624.0,2987.0,1014.0,56,4.865499,18638.117
Saint Lucia,2001,160247.0,2890.0,1030.0,54,5.1213946,17820.797
Saint Lucia,2002,161655.0,2801.0,1029.0,53,5.3888702,17739.576
Saint Lucia,2003,162985.0,2709.0,1011.0,50,5.2406964,18344.592
Saint Lucia,2004,164250.0,2632.0,1018.0,49,4.767608,19526.445
Saint Lucia,2005,165460.0,2586.0,1033.0,48,4.8603983,19303.992
Saint Lucia,2006,166657.0,2550.0,1039.0,47,5.1270175,20353.654
Saint Lucia,2007,167766.0,2478.0,1051.0,45,5.541666,20559.898
Saint Lucia,2008,168816.0,2456.0,1089.0,44,5.0906196,21443.26
Saint Lucia,2009,169880.0,2480.0,1129.0,44,5.2441077,20706.506
Saint Lucia,2010,170921.0,2357.0,1180.0,46,5.0505605,20648.785
Saint Lucia,2011,171814.0,2129.0,1196.0,39,5.061343,21430.023
Saint Lucia,2012,172595.0,2148.0,1232.0,39,4.9251027,21309.225
Saint Lucia,2013,173380.0,2166.0,1274.0,40,5.071076,20827.29
Saint Lucia,2014,174145.0,2158.0,1303.0,38,4.683634,21010.697
Saint Lucia,2015,174919.0,2153.0,1308.0,38,4.57866,20939.88
Saint Lucia,2016,175651.0,2144.0,1381.0,38,4.510955,21566.307
Saint Lucia,2017,176352.0,2134.0,1410.0,37,4.4556193,22207.213
Saint Lucia,2018,177032.0,2121.0,1432.0,37,4.272624,22761.162
Saint Lucia,2019,177675.0,2106.0,1499.0,37,4.290905,22445.209
Saint Lucia,2020,178261.0,2088.0,1525.0,37,7.010334,17247.957
Saint Lucia,2021,178540.0,2066.0,2083.0,36,6.261933,19141.328
Saint Lucia,2022,178794.0,2041.0,1514.0,36,4.747506,22811.252
Saint Vincent and the Grenadines,2000,113561.0,2178.0,900.0,51,3.9828413,9999.059
Saint Vincent and the Grenadines,2001,113506.0,2146.0,914.0,50,4.010575,10177.81
Saint Vincent and the Grenadines,2002,113365.0,2067.0,893.0,39,4.080795,10736.088
Saint Vincent and the Grenadines,2003,113149.0,1994.0,929.0,48,3.9634104,11475.331
Saint Vincent and the Grenadines,2004,112856.0,1931.0,933.0,47,3.8710556,11979.907
Saint Vincent and the Grenadines,2005,112465.0,1899.0,948.0,46,3.834108,12320.071
Saint Vincent and the Grenadines,2006,112027.0,1846.0,966.0,46,3.6556716,13233.407
Saint Vincent and the Grenadines,2007,111544.0,1850.0,985.0,47,3.822133,13732.362
Saint Vincent and the Grenadines,2008,111047.0,1902.0,998.0,46,3.8878386,13850.394
Saint Vincent and the Grenadines,2009,110521.0,1899.0,1022.0,45,4.0929956,13723.784
Saint Vincent and the Grenadines,2010,109974.0,1845.0,1053.0,42,4.303252,13175.723
Saint Vincent and the Grenadines,2011,109367.0,1760.0,1085.0,38,4.2332773,13168.896
Saint Vincent and the Grenadines,2012,108753.0,1762.0,1124.0,36,4.4685597,13397.963
Saint Vincent and the Grenadines,2013,108156.0,1732.0,1153.0,32,4.2378063,13804.184
Saint Vincent and the Grenadines,2014,107555.0,1733.0,1156.0,32,4.174313,14040.246
Saint Vincent and the Grenadines,2015,106975.0,1699.0,1161.0,31,4.116058,14508.861
Saint Vincent and the Grenadines,2016,106365.0,1610.0,1163.0,25,4.0976014,15197.748
Saint Vincent and the Grenadines,2017,105674.0,1493.0,1153.0,25,4.2317133,15533.222
Saint Vincent and the Grenadines,2018,104939.0,1435.0,1164.0,23,4.2534623,16139.066
Saint Vincent and the Grenadines,2019,104183.0,1381.0,1173.0,21,4.2606325,16365.325
Saint Vincent and the Grenadines,2020,103540.0,1329.0,1338.0,25,4.8707128,15763.705
Saint Vincent and the Grenadines,2021,102848.0,1300.0,1306.0,25,5.2660713,16200.899
Saint Vincent and the Grenadines,2022,102063.0,1265.0,1172.0,21,4.6054697,16835.023
Samoa,2000,181695.0,5824.0,968.0,123,4.2823253,4639.189
Samoa,2001,183174.0,5725.0,961.0,118,3.81805,4941.7485
Samoa,2002,184482.0,5637.0,967.0,113,4.492055,5184.1187
Samoa,2003,185447.0,5595.0,976.0,111,4.1723714,5426.139
Samoa,2004,186265.0,5545.0,1000.0,109,4.5257854,5569.061
Samoa,2005,186993.0,5520.0,1022.0,109,4.6336546,5915.6475
Samoa,2006,187724.0,5505.0,1038.0,105,4.884514,6018.248
Samoa,2007,188766.0,5536.0,1060.0,105,4.744633,6014.047
Samoa,2008,190117.0,5659.0,1083.0,108,4.532581,6183.5557
Samoa,2009,191530.0,5771.0,1248.0,146,5.1273203,6104.9097
Samoa,2010,193035.0,5894.0,1116.0,112,5.1526833,6428.1353
Samoa,2011,194726.0,5994.0,1136.0,114,5.3835716,6617.6187
Samoa,2012,196518.0,6031.0,1167.0,118,4.988346,6312.7695
Samoa,2013,198284.0,6054.0,1176.0,113,6.218239,6263.126
Samoa,2014,200051.0,6051.0,1201.0,113,6.3614717,6248.7056
Samoa,2015,201794.0,6016.0,1222.0,111,6.0132194,6433.184
Samoa,2016,203509.0,5958.0,1239.0,109,5.639599,6888.1875
Samoa,2017,205423.0,5915.0,1252.0,107,5.16343,6919.9023
Samoa,2018,207595.0,5914.0,1278.0,105,4.775258,6805.917
Samoa,2019,209794.0,5865.0,1372.0,118,5.647616,7034.4224
Samoa,2020,211957.0,5819.0,1375.0,103,6.0910583,6746.1567
Samoa,2021,213792.0,5749.0,1368.0,96,7.1965146,6350.9277
Samoa,2022,215270.0,5619.0,1327.0,91,6.9341235,6450.1914
San Marino,2000,26823.0,322.0,208.0,1,5.787679,77149.42
San Marino,2001,27173.0,348.0,209.0,1,5.6412754,80420.77
San Marino,2002,27515.0,328.0,213.0,1,5.3915577,79649.53
San Marino,2003,27871.0,297.0,214.0,1,4.7720013,81688.38
San Marino,2004,28230.0,297.0,214.0,1,4.864793,80724.81
San Marino,2005,28600.0,273.0,220.0,1,4.8868365,81632.18
San Marino,2006,28966.0,282.0,218.0,1,4.913619,83781.55
San Marino,2007,29334.0,283.0,218.0,1,5.095873,86785.02
San Marino,2008,29721.0,338.0,217.0,1,5.411109,85120.29
San Marino,2009,30115.0,298.0,221.0,1,6.184096,73093.836
San Marino,2010,30648.0,316.0,220.0,1,6.208535,68669.26
San Marino,2011,32194.0,313.0,223.0,1,8.070728,64214.12
San Marino,2012,33494.0,293.0,255.0,1,8.988837,58176.38
San Marino,2013,33641.0,329.0,256.0,1,8.238003,58467.98
San Marino,2014,33753.0,270.0,259.0,0,8.300918,58743.586
San Marino,2015,33927.0,250.0,250.0,0,8.433153,59647.66
San Marino,2016,34188.0,230.0,253.0,0,8.421953,60669.824
San Marino,2017,34405.0,211.0,260.0,0,8.259723,59524.562
San Marino,2018,34557.0,213.0,261.0,0,8.277849,59194.043
San Marino,2019,34674.0,212.0,264.0,0,8.148016,60171.05
San Marino,2020,34796.0,212.0,350.0,0,8.481474,55998.074
San Marino,2021,34599.0,212.0,339.0,0,7.5127225,64745.133
San Marino,2022,34113.0,205.0,259.0,0,7.223363,70887.58
Sao Tome and Principe,2000,144029.0,5724.0,1393.0,427,9.318928,3852.8904
Sao Tome and Principe,2001,146386.0,5850.0,1381.0,405,9.640019,3907.0193
Sao Tome and Principe,2002,149932.0,5973.0,1380.0,398,9.498605,3942.7605
Sao Tome and Principe,2003,153824.0,6084.0,1385.0,379,11.465274,4161.638
Sao Tome and Principe,2004,157721.0,6183.0,1369.0,359,10.721177,4202.562
Sao Tome and Principe,2005,161650.0,6300.0,1399.0,347,10.351997,4371.497
Sao Tome and Principe,2006,165651.0,6435.0,1383.0,320,7.1055965,4644.1807
Sao Tome and Principe,2007,169709.0,6604.0,1378.0,298,7.006086,4698.084
Sao Tome and Principe,2008,173808.0,6685.0,1386.0,279,5.9700904,4873.181
Sao Tome and Principe,2009,177866.0,6739.0,1391.0,256,5.75177,4919.1953
Sao Tome and Principe,2010,181810.0,6785.0,1397.0,237,5.808279,4882.048
Sao Tome and Principe,2011,185665.0,6841.0,1397.0,218,5.6516004,4876.473
Sao Tome and Principe,2012,189452.0,6889.0,1389.0,200,7.0729966,4919.5527
Sao Tome and Principe,2013,193158.0,6830.0,1381.0,184,8.940609,5072.112
Sao Tome and Principe,2014,196780.0,6743.0,1365.0,168,7.914521,5223.0957
Sao Tome and Principe,2015,200308.0,6615.0,1341.0,153,6.5322685,5210.2036
Sao Tome and Principe,2016,203702.0,6455.0,1328.0,138,7.602116,5388.5093
Sao Tome and Principe,2017,206986.0,6326.0,1316.0,126,7.466314,5521.2026
Sao Tome and Principe,2018,210198.0,6264.0,1309.0,116,5.919603,5674.7236
Sao Tome and Principe,2019,213405.0,6237.0,1308.0,107,5.480788,5702.0835
Sao Tome and Principe,2020,217450.0,6228.0,1356.0,101,7.320444,5742.9473
Sao Tome and Principe,2021,221975.0,6330.0,1373.0,101,7.858897,5732.6943
Sao Tome and Principe,2022,226313.0,6399.0,1298.0,92,5.7744813,5632.1387
Saudi Arabia,2000,16177733.0,444729.0,52327.0,9880,4.211594,55962.266
Saudi Arabia,2001,17041405.0,435041.0,52877.0,9128,4.4617357,53309.113
Saudi Arabia,2002,17910909.0,425680.0,53590.0,8484,4.2493763,50371.977
Saudi Arabia,2003,18786771.0,418984.0,54469.0,7934,3.9790974,52234.65
Saudi Arabia,2004,19669486.0,418448.0,55618.0,7512,3.5840096,54196.55
Saudi Arabia,2005,20559886.0,433035.0,57089.0,7310,3.4186728,54931.793
Saudi Arabia,2006,21459141.0,458153.0,58816.0,7187,3.61922,54373.74
Saudi Arabia,2007,22368313.0,486064.0,60850.0,7110,3.5622916,53318.418
Saudi Arabia,2008,23287884.0,496355.0,62918.0,6846,2.971007,54407.707
Saudi Arabia,2009,24217656.0,503768.0,65217.0,6628,4.2904277,51760.766
Saudi Arabia,2010,25157134.0,506348.0,67127.0,6252,3.6478615,54911.547
Saudi Arabia,2011,26105636.0,530576.0,68975.0,6117,3.6821826,58645.445
Saudi Arabia,2012,27062447.0,551709.0,70166.0,5960,3.9877985,59471.7
Saudi Arabia,2013,28026825.0,552465.0,70239.0,5651,4.422936,57998.465
Saudi Arabia,2014,28998127.0,574801.0,69367.0,5508,5.158009,58872.266
Saudi Arabia,2015,29974944.0,581656.0,67910.0,5266,5.8620224,58498.54
Saudi Arabia,2016,30717804.0,600614.0,66913.0,5113,6.2414284,57308.45
Saudi Arabia,2017,30782400.0,610217.0,66921.0,4917,6.0312605,57942.547
Saudi Arabia,2018,30365119.0,599367.0,67664.0,4614,5.340631,61359.465
Saudi Arabia,2019,30472809.0,550793.0,69947.0,4119,5.46743,62647.73
Saudi Arabia,2020,30991206.0,515334.0,76244.0,3727,6.6463013,57420.734
Saudi Arabia,2021,31328374.0,498172.0,81910.0,3439,5.9303365,62690.496
Saudi Arabia,2022,32175351.0,489608.0,82698.0,3201,5.314006,67178.59
Senegal,2000,9968262.0,391751.0,107811.0,48094,3.5501537,3093.2878
Senegal,2001,10212941.0,396851.0,107162.0,46648,3.6814876,3149.331
Senegal,2002,10466216.0,404242.0,105412.0,44789,3.952944,3075.2317
Senegal,2003,10721176.0,414645.0,105783.0,42731,4.2970357,3170.035
Senegal,2004,10975711.0,421257.0,103982.0,40554,4.568562,3240.302
Senegal,2005,11235473.0,426768.0,102860.0,38531,3.6746652,3301.8208
Senegal,2006,11500094.0,432207.0,100838.0,36290,3.7633762,3301.0315
Senegal,2007,11770348.0,438708.0,98738.0,34469,3.4149659,3316.4204
Senegal,2008,12048963.0,449958.0,98290.0,32952,3.5068758,3359.7056
Senegal,2009,12337390.0,460066.0,97816.0,31648,3.841573,3371.4617
Senegal,2010,12635418.0,470714.0,97790.0,30523,4.0276437,3403.5671
Senegal,2011,12958902.0,484541.0,97257.0,29636,4.214167,3362.8794
Senegal,2012,13310499.0,499620.0,97384.0,28916,4.26688,3405.1086
Senegal,2013,13710857.0,503840.0,97269.0,27894,4.385736,3385.426
Senegal,2014,14152103.0,502121.0,97099.0,26634,4.3896227,3484.0122
Senegal,2015,14593335.0,503549.0,96522.0,25456,4.3778963,3593.7947
Senegal,2016,15034517.0,508586.0,97110.0,24399,4.2560687,3710.0554
Senegal,2017,15475001.0,507600.0,97223.0,23228,4.163594,3871.4514
Senegal,2018,15914495.0,502828.0,97378.0,22041,4.431821,3998.2864
Senegal,2019,16352926.0,497216.0,97770.0,20934,4.4953103,4070.6123
Senegal,2020,16789217.0,502517.0,101605.0,20177,5.1511917,4018.0413
Senegal,2021,17220866.0,511625.0,108605.0,19561,4.4425626,4173.6772
Senegal,2022,17651099.0,520006.0,104498.0,18987,4.044481,4228.734
Serbia,2000,7694608.0,71629.0,99780.0,949,5.807706,11105.949
Serbia,2001,7651927.0,71775.0,102599.0,906,6.1915584,11879.177
Serbia,2002,7616741.0,72229.0,101333.0,843,7.249509,12661.939
Serbia,2003,7590946.0,72380.0,103314.0,764,7.306026,13273.69
Serbia,2004,7565843.0,71530.0,104935.0,686,7.6364493,14194.365
Serbia,2005,7539139.0,69786.0,105035.0,628,8.093469,15077.559
Serbia,2006,7511395.0,68401.0,104595.0,586,8.285757,15727.403
Serbia,2007,7482996.0,67658.0,103335.0,557,9.017826,17028.086
Serbia,2008,7454285.0,67806.0,103664.0,544,9.128072,17983.281
Serbia,2009,7425346.0,68772.0,103895.0,545,8.989335,17488.123
Serbia,2010,7395872.0,69979.0,103484.0,535,9.15153,17841.432
Serbia,2011,7364858.0,69521.0,102266.0,509,8.759404,17986.584
Serbia,2012,7324624.0,70637.0,100473.0,495,8.957167,17993.814
Serbia,2013,7276183.0,68926.0,99605.0,477,8.931883,18163.205
Serbia,2014,7227203.0,69191.0,99746.0,465,8.859668,17922.436
Serbia,2015,7177257.0,68037.0,99747.0,427,8.462899,18247.809
Serbia,2016,7126083.0,66824.0,100354.0,400,8.151843,18889.38
Serbia,2017,7073507.0,66466.0,101112.0,382,7.8996515,19438.992
Serbia,2018,7020014.0,65331.0,100118.0,384,8.184699,20454.227
Serbia,2019,6966155.0,65097.0,100266.0,371,8.287625,21541.127
Serbia,2020,6907814.0,62501.0,114913.0,355,8.306436,21479.078
Serbia,2021,6835429.0,62470.0,135637.0,345,9.23441,23406.307
Serbia,2022,6791215.0,61240.0,107640.0,303,8.583972,24651.848
Seychelles,2000,83339.0,1469.0,637.0,21,4.610718,20633.674
Seychelles,2001,84621.0,1422.0,649.0,20,4.5476832,20147.418
Seychelles,2002,85878.0,1463.0,665.0,21,4.1956286,19777.752
Seychelles,2003,87056.0,1482.0,670.0,21,4.8607597,18825.22
Seychelles,2004,88175.0,1477.0,685.0,21,4.6662893,18356.47
Seychelles,2005,89288.0,1583.0,682.0,22,4.4460654,19917.12
Seychelles,2006,90391.0,1524.0,690.0,21,4.3319125,21341.86
Seychelles,2007,91483.0,1610.0,693.0,22,3.7931502,23117.855
Seychelles,2008,92563.0,1675.0,702.0,23,3.5151868,21990.37
Seychelles,2009,93644.0,1709.0,712.0,23,3.435805,21361.13
Seychelles,2010,94993.0,1583.0,724.0,22,4.4014845,21708.756
Seychelles,2011,97041.0,1709.0,751.0,25,4.3553967,24406.412
Seychelles,2012,99565.0,1766.0,767.0,26,5.2896843,24919.955
Seychelles,2013,102108.0,1626.0,781.0,24,4.191295,24770.652
Seychelles,2014,104663.0,1632.0,809.0,24,4.4360914,25379.418
Seychelles,2015,107247.0,1697.0,835.0,24,4.2442865,27032.209
Seychelles,2016,109836.0,1776.0,860.0,25,4.713497,29905.135
Seychelles,2017,112443.0,1809.0,886.0,26,4.47661,31595.668
Seychelles,2018,115053.0,1807.0,922.0,26,4.4170604,32841.426
Seychelles,2019,117662.0,1797.0,961.0,26,4.252698,34346.07
Seychelles,2020,120299.0,1779.0,826.0,25,5.837092,30056.2
Seychelles,2021,123000.0,1764.0,1129.0,27,5.208815,29979.828
Seychelles,2022,125533.0,1744.0,1185.0,27,4.399097,27275.688
Sierra Leone,2000,4423615.0,199261.0,88508.0,43998,5.290865,1981.5061
Sierra Leone,2001,4692715.0,206540.0,89893.0,44381,5.221835,1749.3508
Sierra Leone,2002,4971435.0,220140.0,93716.0,46161,5.5538883,2089.2615
Sierra Leone,2003,5177686.0,225091.0,94781.0,46210,5.062198,2196.2812
Sierra Leone,2004,5355715.0,227428.0,94773.0,45576,5.2379894,2260.8381
Sierra Leone,2005,5501707.0,230908.0,93667.0,44608,5.23005,2296.6577
Sierra Leone,2006,5624464.0,235141.0,91016.0,43640,5.2991314,2342.7546
Sierra Leone,2007,5749353.0,236058.0,90317.0,42375,5.31663,2377.8054
Sierra Leone,2008,5894728.0,239259.0,89412.0,41215,5.603326,2404.652
Sierra Leone,2009,6055655.0,241335.0,88668.0,40053,6.270755,2376.5825
Sierra Leone,2010,6222715.0,243404.0,88064.0,38798,5.6420474,2459.768
Sierra Leone,2011,6387258.0,246024.0,87171.0,37584,6.6063676,2590.5283
Sierra Leone,2012,6551078.0,247465.0,86545.0,36398,5.927642,2792.9263
Sierra Leone,2013,6714057.0,245736.0,84472.0,34845,8.45845,3124.7283
Sierra Leone,2014,6876385.0,244938.0,84802.0,33999,15.11887,2812.5283
Sierra Leone,2015,7037660.0,243911.0,81635.0,32451,12.383123,2628.1707
Sierra Leone,2016,7205339.0,246383.0,77599.0,30826,10.054385,2732.261
Sierra Leone,2017,7379300.0,249479.0,76228.0,30164,6.0053205,2753.4272
Sierra Leone,2018,7554568.0,251868.0,73099.0,29089,5.2992744,2767.3801
Sierra Leone,2019,7731994.0,253675.0,72604.0,28260,5.7052846,2852.6626
Sierra Leone,2020,7912557.0,254755.0,73734.0,27432,5.6648974,2752.6262
Sierra Leone,2021,8094603.0,256143.0,72817.0,26617,5.0724463,2849.3887
Sierra Leone,2022,8276809.0,257167.0,70547.0,25804,4.8037744,2934.7332
Singapore,2000,4035251.0,51230.0,17865.0,195,3.343364,68904.125
Singapore,2001,4116169.0,45971.0,17736.0,170,3.1630266,66352.15
Singapore,2002,4146898.0,45956.0,17743.0,161,3.358464,68328.93
Singapore,2003,4138241.0,41964.0,17434.0,144,3.6069927,72497.87
Singapore,2004,4172767.0,41159.0,17114.0,131,3.150198,78712.53
Singapore,2005,4268363.0,41601.0,16965.0,126,3.0336792,82547.484
Singapore,2006,4407064.0,42364.0,17254.0,125,2.9347465,87210.05
Singapore,2007,4596516.0,43655.0,17768.0,126,2.8374906,91198.15
Singapore,2008,4806742.0,44452.0,18366.0,127,3.1948845,88083.29
Singapore,2009,4968574.0,44518.0,18974.0,126,3.3937051,85575.76
Singapore,2010,5077020.0,42643.0,19713.0,122,3.1982615,96280.016
Singapore,2011,5182242.0,44984.0,19888.0,125,3.1539185,100153.73
Singapore,2012,5293345.0,48924.0,20182.0,132,3.3239279,102061.12
Singapore,2013,5385589.0,45704.0,20642.0,126,3.6822534,105259.695
Singapore,2014,5457899.0,48538.0,21312.0,130,3.871326,107990.89
Singapore,2015,5525343.0,47632.0,21989.0,127,4.180614,109894.04
Singapore,2016,5577936.0,46597.0,22656.0,124,4.379895,112719.945
Singapore,2017,5604087.0,46704.0,23204.0,121,4.359784,117492.97
Singapore,2018,5634366.0,47730.0,23586.0,120,4.0727572,120668.89
Singapore,2019,5669562.0,47479.0,23927.0,116,4.4074674,120678.34
Singapore,2020,5620151.0,47113.0,24806.0,127,5.700153,116684.21
Singapore,2021,5546291.0,45626.0,26076.0,107,5.145997,133990.19
Singapore,2022,5649888.0,45168.0,28340.0,107,4.331216,134828.0
Slovakia,2000,5380001.0,54799.0,53144.0,559,5.3074393,18335.684
Slovakia,2001,5379439.0,51253.0,52339.0,411,5.3405495,18906.602
Slovakia,2002,5377685.0,50745.0,51734.0,464,5.517939,19748.932
Slovakia,2003,5376197.0,51696.0,52472.0,502,5.484009,20721.713
Slovakia,2004,5376038.0,53652.0,52021.0,463,6.3966246,21842.957
Slovakia,2005,5376697.0,54374.0,53616.0,465,6.6161904,23257.176
Slovakia,2006,5376847.0,53950.0,53306.0,427,6.8522706,25331.873
Slovakia,2007,5376993.0,54554.0,53769.0,409,7.1753836,28064.246
Slovakia,2008,5379127.0,57438.0,52913.0,409,6.9597836,29544.09
Slovakia,2009,5385074.0,61070.0,52653.0,436,7.952804,27880.41
Slovakia,2010,5391857.0,60529.0,53027.0,408,7.6706524,29745.92
Slovakia,2011,5398105.0,60669.0,51464.0,363,7.3145223,30468.826
Slovakia,2012,5404877.0,57845.0,52009.0,394,7.527806,30894.312
Slovakia,2013,5410422.0,57249.0,51662.0,368,7.4801316,31078.186
Slovakia,2014,5415238.0,57348.0,50969.0,389,6.8654337,31888.805
Slovakia,2015,5420278.0,55555.0,53236.0,359,6.7410975,33507.793
Slovakia,2016,5427262.0,57430.0,51834.0,356,7.0608134,34116.45
Slovakia,2017,5435702.0,57903.0,53390.0,317,6.7338877,35042.785
Slovakia,2018,5443229.0,57597.0,53771.0,340,6.636775,36415.793
Slovakia,2019,5450627.0,57083.0,52697.0,352,6.91103,37194.21
Slovakia,2020,5455028.0,56663.0,59739.0,343,7.060278,36201.49
Slovakia,2021,5442766.0,56781.0,74407.0,319,7.628579,38330.305
Slovakia,2022,5473195.0,52754.0,58388.0,324,7.702452,38648.984
Slovenia,2000,1986817.0,18095.0,18765.0,95,7.8545637,30061.207
Slovenia,2001,1989684.0,17420.0,18656.0,88,7.955057,30862.896
Slovenia,2002,1991571.0,17468.0,18951.0,84,8.116325,31836.521
Slovenia,2003,1992499.0,17331.0,19221.0,96,8.174474,32833.906
Slovenia,2004,1993548.0,17967.0,18948.0,87,7.999595,34304.555
Slovenia,2005,1996915.0,18151.0,18501.0,84,8.053467,35565.043
Slovenia,2006,2003116.0,18939.0,18577.0,81,7.8672,37546.496
Slovenia,2007,2014159.0,19867.0,18400.0,72,7.5407605,40002.703
Slovenia,2008,2025090.0,21843.0,18614.0,69,7.8928757,41286.348
Slovenia,2009,2035610.0,21849.0,18596.0,68,8.642013,37809.17
Slovenia,2010,2044611.0,22373.0,18804.0,75,8.63942,38063.316
Slovenia,2011,2048805.0,22017.0,18991.0,69,8.600543,38233.29
Slovenia,2012,2053322.0,21989.0,19288.0,69,8.792637,37040.707
Slovenia,2013,2056452.0,21191.0,19403.0,57,8.840439,36685.75
Slovenia,2014,2058395.0,21205.0,19647.0,55,8.584872,37662.258
Slovenia,2015,2059946.0,20695.0,19800.0,48,8.577429,38534.645
Slovenia,2016,2061379.0,20392.0,20336.0,49,8.5691185,39674.895
Slovenia,2017,2062410.0,20288.0,20821.0,49,8.258889,41700.652
Slovenia,2018,2069484.0,19535.0,20860.0,45,8.352286,43369.223
Slovenia,2019,2083438.0,19241.0,20994.0,49,8.565645,44577.94
Slovenia,2020,2102421.0,18658.0,23811.0,44,9.489844,42471.523
Slovenia,2021,2113495.0,19399.0,23087.0,44,9.527244,45922.664
Slovenia,2022,2115231.0,18164.0,22493.0,56,9.626833,47058.887
Solomon Islands,2000,440481.0,15612.0,2673.0,476,4.8277893,2277.1135
Solomon Islands,2001,449137.0,15772.0,2713.0,477,6.607128,2055.5376
Solomon Islands,2002,457676.0,15946.0,2752.0,477,10.106276,1960.675
Solomon Islands,2003,466164.0,16134.0,2789.0,476,7.077247,2050.5713
Solomon Islands,2004,474618.0,16273.0,2831.0,475,7.7255664,2168.7837
Solomon Islands,2005,483090.0,16438.0,2865.0,474,9.017945,2287.5667
Solomon Islands,2006,491602.0,16711.0,2914.0,475,8.008022,2340.9514
Solomon Islands,2007,500168.0,16977.0,3018.0,488,7.1858306,2384.6233
Solomon Islands,2008,508802.0,17221.0,3002.0,470,5.5065627,2490.102
Solomon Islands,2009,518150.0,17450.0,3070.0,478,6.6096673,2515.2131
Solomon Islands,2010,532976.0,17696.0,3092.0,461,4.66862,2682.629
Solomon Islands,2011,552958.0,18226.0,3139.0,463,5.0300865,2777.8345
Solomon Islands,2012,573623.0,18776.0,3192.0,463,4.880457,2743.81
Solomon Islands,2013,594952.0,19327.0,3287.0,469,4.580309,2783.9485
Solomon Islands,2014,616915.0,20083.0,3431.0,497,4.8896236,2716.77
Solomon Islands,2015,639423.0,20394.0,3484.0,465,4.453102,2665.0662
Solomon Islands,2016,662387.0,20624.0,3599.0,453,4.529529,2715.5815
Solomon Islands,2017,685677.0,20627.0,3731.0,442,4.165564,2704.0098
Solomon Islands,2018,709109.0,20668.0,3877.0,430,3.8644083,2686.4631
Solomon Islands,2019,728156.0,20689.0,4038.0,418,4.4372807,2661.9578
Solomon Islands,2020,744505.0,20820.0,4330.0,422,4.8947845,2515.4636
Solomon Islands,2021,762594.0,21123.0,4498.0,400,4.947959,2450.184
Solomon Islands,2022,781075.0,21310.0,4060.0,390,4.824184,2330.4016
Somalia,2013,12869599.0,614448.0,165934.0,82088,3.3695374,1197.7217
Somalia,2014,13339497.0,633049.0,168569.0,82701,3.0205376,1259.2743
Somalia,2015,13806969.0,651292.0,169719.0,83080,2.940745,1343.9252
Somalia,2016,14348741.0,668096.0,172953.0,83601,2.2842648,1384.1552
Somalia,2017,14916630.0,688481.0,209919.0,106117,2.443481,1527.6603
Somalia,2018,15452489.0,705717.0,191470.0,93395,2.5087326,1504.9791
Somalia,2019,16030969.0,723617.0,174869.0,82381,2.4061725,1491.2949
Somalia,2020,16651200.0,741705.0,180399.0,81722,2.4701052,1396.0554
Somalia,2021,17271435.0,761567.0,195162.0,81319,2.7350917,1392.3179
Somalia,2022,17801895.0,779534.0,228085.0,110772,2.8469162,1387.5475
South Africa,2000,47159715.0,1017081.0,490138.0,72033,7.336619,11183.825
South Africa,2001,47566805.0,1011545.0,526754.0,74632,7.123279,11387.492
South Africa,2002,48019414.0,1004942.0,574030.0,78704,6.677745,11697.565
South Africa,2003,48500351.0,1037337.0,622283.0,82519,7.040982,11923.121
South Africa,2004,48991420.0,1084498.0,641921.0,84228,6.938416,12341.21
South Africa,2005,49490041.0,1124291.0,659846.0,85178,6.8621616,12861.563
South Africa,2006,49998271.0,1157144.0,669557.0,82786,6.8765087,13444.233
South Africa,2007,50528575.0,1166581.0,663057.0,80802,6.9051085,14016.244
South Africa,2008,51114595.0,1243597.0,648296.0,80558,7.1483226,14297.688
South Africa,2009,51728518.0,1178323.0,624186.0,68430,7.6494145,13910.702
South Africa,2010,52344047.0,1160896.0,594055.0,62553,7.7935824,14164.996
South Africa,2011,52995212.0,1169887.0,568156.0,48923,7.944344,14434.261
South Africa,2012,53782570.0,1189588.0,545852.0,49672,8.004289,14563.763
South Africa,2013,54678789.0,1197126.0,544728.0,50724,8.103223,14681.097
South Africa,2014,55594840.0,1211091.0,536322.0,50162,7.8713655,14643.339
South Africa,2015,56723536.0,1191603.0,522822.0,46542,8.053042,14541.675
South Africa,2016,57259550.0,1160623.0,519287.0,42551,8.079594,14501.281
South Africa,2017,57635158.0,1154876.0,508901.0,38178,7.9771137,14573.598
South Africa,2018,58613001.0,1163460.0,515170.0,40686,8.081966,14553.562
South Africa,2019,59587880.0,1173511.0,521415.0,42762,8.246529,14352.67
South Africa,2020,60562374.0,1182285.0,586416.0,34375,9.021741,13250.566
South Africa,2021,61502602.0,1190312.0,733898.0,43310,8.664503,13681.955
South Africa,2022,62378417.0,1190146.0,586473.0,49001,8.745123,13767.497
South Korea,2000,46766660.0,599446.0,239372.0,4657,3.717948,26404.158
South Korea,2001,47043467.0,541042.0,234535.0,4089,4.16984,27440.656
South Korea,2002,47299118.0,489165.0,238255.0,3560,3.9085476,29395.277
South Korea,2003,47514158.0,472791.0,243514.0,3188,4.4664035,30142.46
South Korea,2004,47697076.0,455459.0,244369.0,2848,4.43288,31579.527
South Korea,2005,47851646.0,432815.0,244402.0,2527,4.6522355,32886.047
South Korea,2006,48006518.0,440301.0,242709.0,2339,4.958518,34429.62
South Korea,2007,48178122.0,462242.0,245911.0,2244,4.958342,36257.34
South Korea,2008,48356485.0,447507.0,245168.0,2063,5.2464232,37064.152
South Korea,2009,48546690.0,437242.0,244866.0,1926,5.6852508,37176.195
South Korea,2010,48769329.0,449665.0,254107.0,1887,5.793907,39574.05
South Korea,2011,49127640.0,455314.0,256248.0,1852,5.902929,40719.227
South Korea,2012,49599580.0,460037.0,267037.0,1776,5.9576025,41537.67
South Korea,2013,50071168.0,433882.0,267513.0,1651,6.0685863,42709.977
South Korea,2014,50539055.0,427701.0,268254.0,1584,6.2448735,43806.926
South Korea,2015,50983909.0,424787.0,278963.0,1522,6.462026,44849.105
South Korea,2016,51297836.0,397938.0,283900.0,1406,6.6356945,46088.242
South Korea,2017,51486268.0,356023.0,288801.0,1245,6.798275,47536.79
South Korea,2018,51640894.0,322572.0,302790.0,1106,7.14222,48834.445
South Korea,2019,51767844.0,295280.0,307997.0,988,7.693971,49790.867
South Korea,2020,51858481.0,270034.0,317300.0,886,8.027228,49374.094
South Korea,2021,51848401.0,259300.0,328056.0,800,8.344128,51718.25
South Korea,2022,51782515.0,256588.0,390618.0,780,8.859531,53228.605
Spain,2000,41019772.0,399049.0,356198.0,2122,6.8021784,39945.9
Spain,2001,41245602.0,406377.0,355154.0,1987,6.7692957,41224.293
Spain,2002,41755703.0,413223.0,363436.0,2074,6.798786,41766.04
Spain,2003,42506540.0,434713.0,379132.0,2130,7.5922318,42223.13
Spain,2004,43234562.0,447528.0,366647.0,2145,7.6844788,42793.39
Spain,2005,43958883.0,458937.0,382153.0,2074,7.7780747,43570.766
Spain,2006,44695446.0,473449.0,366646.0,2007,7.8707247,44572.68
Spain,2007,45516501.0,483893.0,380618.0,2032,7.962412,45301.285
Spain,2008,46235055.0,509388.0,382016.0,2041,8.429064,44926.348
Spain,2009,46635182.0,490774.0,381576.0,1908,9.15303,42852.223
Spain,2010,46840469.0,481432.0,379018.0,1866,9.169926,42695.527
Spain,2011,46998040.0,466867.0,384310.0,1748,9.217497,42271.836
Spain,2012,47018323.0,451253.0,400520.0,1649,9.2189045,41034.047
Spain,2013,46860394.0,426037.0,388410.0,1406,9.13715,40594.914
Spain,2014,46720187.0,424669.0,394088.0,1450,9.151229,41339.41
Spain,2015,46683683.0,417031.0,420770.0,1305,9.175533,43053.76
Spain,2016,46732768.0,406867.0,409459.0,1318,8.88085,44274.668
Spain,2017,46868594.0,389984.0,423362.0,1257,9.0217495,45446.25
Spain,2018,47092817.0,370110.0,426882.0,1199,9.071225,46325.21
Spain,2019,47435121.0,357540.0,418411.0,1154,9.215395,46896.418
Spain,2020,47679482.0,343355.0,495379.0,1043,10.794792,41553.45
Spain,2021,47735670.0,340310.0,457182.0,1068,10.344199,44251.664
Spain,2022,47828386.0,339675.0,481525.0,1350,9.679959,46733.48
Sri Lanka,2000,19293056.0,355040.0,127967.0,5970,4.1081867,6428.6133
Sri Lanka,2001,19600361.0,371424.0,127046.0,5966,4.056628,6230.031
Sri Lanka,2002,19805750.0,379721.0,126875.0,5850,4.0371575,6409.863
Sri Lanka,2003,19951521.0,380930.0,128929.0,5752,3.646467,6741.0127
Sri Lanka,2004,20087608.0,378170.0,165637.0,11002,4.039126,7059.911
Sri Lanka,2005,20216531.0,378376.0,129685.0,5206,3.8790874,7452.742
Sri Lanka,2006,20352416.0,383691.0,134966.0,5040,3.8501956,7970.665
Sri Lanka,2007,20492546.0,385456.0,137176.0,4843,3.8225818,8454.207
Sri Lanka,2008,20629377.0,375547.0,143310.0,4558,3.8548295,8897.827
Sri Lanka,2009,20756438.0,365886.0,165718.0,7986,4.0567684,9156.319
Sri Lanka,2010,20879092.0,358011.0,133676.0,4048,3.7414515,9832.187
Sri Lanka,2011,21009054.0,359070.0,134596.0,3921,3.581952,10618.492
Sri Lanka,2012,21169461.0,363017.0,133879.0,3742,3.306593,11447.693
Sri Lanka,2013,21358829.0,363696.0,134377.0,3589,3.6936536,12249.723
Sri Lanka,2014,21547454.0,356005.0,136637.0,3375,3.4678614,12909.966
Sri Lanka,2015,21729975.0,348168.0,139041.0,3107,3.6826396,13329.779
Sri Lanka,2016,21910763.0,342918.0,142273.0,2966,3.6178842,13845.614
Sri Lanka,2017,22087525.0,339514.0,145951.0,2873,3.3309343,14572.485
Sri Lanka,2018,22253116.0,337145.0,148576.0,2595,3.641888,14759.825
Sri Lanka,2019,22410552.0,334362.0,151041.0,2493,3.7011957,14637.444
Sri Lanka,2020,22561808.0,331170.0,153685.0,2338,4.2743163,13886.651
Sri Lanka,2021,22700377.0,328525.0,169409.0,2237,5.1942773,14316.135
Sri Lanka,2022,22834965.0,326112.0,159013.0,2136,3.9830046,13249.065
Sudan,2000,27816748.0,1135928.0,277388.0,114423,3.6066449,3575.852
Sudan,2001,28516774.0,1159198.0,278922.0,112861,3.3645687,3701.5488
Sudan,2002,29228728.0,1181995.0,283999.0,112287,3.300109,3814.3132
Sudan,2003,29896038.0,1201996.0,303764.0,116515,3.8918793,3946.9226
Sudan,2004,30556641.0,1221251.0,331882.0,122842,4.155935,4041.0571
Sudan,2005,31262447.0,1238372.0,331369.0,121891,4.0941815,4152.3228
Sudan,2006,31992438.0,1253700.0,289964.0,108618,4.885443,4299.974
Sudan,2007,32764139.0,1273576.0,280746.0,104364,5.6626916,4415.785
Sudan,2008,33623980.0,1290879.0,289056.0,104807,5.4231358,4446.4097
Sudan,2009,34569114.0,1316518.0,274727.0,99189,6.3949633,4188.0547
Sudan,2010,35414403.0,1345298.0,276891.0,98294,5.0581017,4219.837
Sudan,2011,36140808.0,1348667.0,277772.0,96356,5.6157956,4467.626
Sudan,2012,36923175.0,1351018.0,277952.0,94373,5.68827,4145.9316
Sudan,2013,37785852.0,1360851.0,282408.0,92686,6.9648747,4130.486
Sudan,2014,38823324.0,1377885.0,279915.0,90963,5.676197,4207.5005
Sudan,2015,40024433.0,1428209.0,282932.0,90607,5.8111258,4159.1943
Sudan,2016,41259892.0,1461090.0,286651.0,89986,5.684385,4174.561
Sudan,2017,42714311.0,1495973.0,287934.0,89214,5.917674,4061.0183
Sudan,2018,44230597.0,1551365.0,293944.0,89135,4.4617286,3816.66
Sudan,2019,45548179.0,1590030.0,298306.0,88701,4.5996757,3625.5232
Sudan,2020,46789237.0,1613314.0,317506.0,87476,3.0432343,3401.2498
Sudan,2021,48066930.0,1630110.0,336278.0,85800,2.9669323,3248.9756
Sudan,2022,49383344.0,1656075.0,322066.0,84340,3.7941644,3132.0771
Suriname,2000,476647.0,12163.0,3837.0,374,5.8709216,16220.179
Suriname,2001,486566.0,12338.0,3985.0,366,3.8247497,16556.943
Suriname,2002,496566.0,12044.0,4123.0,349,5.3299155,16678.072
Suriname,2003,506421.0,11658.0,4264.0,330,4.888784,17383.502
Suriname,2004,513928.0,11334.0,4387.0,312,5.460808,18585.518
Suriname,2005,519321.0,11269.0,4237.0,301,5.243964,19220.283
Suriname,2006,525003.0,11378.0,4104.0,295,5.8559875,20113.67
Suriname,2007,531026.0,11453.0,3987.0,287,5.221486,20902.139
Suriname,2008,537252.0,11464.0,3909.0,280,4.746996,21515.812
Suriname,2009,543580.0,11444.0,3884.0,271,4.978103,21906.41
Suriname,2010,549931.0,11393.0,3905.0,264,4.697857,22772.475
Suriname,2011,556279.0,11360.0,3963.0,257,4.409322,23829.533
Suriname,2012,562640.0,11439.0,4036.0,253,4.284357,24193.842
Suriname,2013,569024.0,11450.0,4099.0,245,4.487381,24624.021
Suriname,2014,575380.0,11426.0,4145.0,239,4.5212784,24414.355
Suriname,2015,581634.0,11329.0,4177.0,230,5.8080816,23327.525
Suriname,2016,587765.0,11133.0,4158.0,223,5.9928374,21950.412
Suriname,2017,593720.0,10953.0,4188.0,212,5.3228593,22070.514
Suriname,2018,599519.0,10846.0,4233.0,204,6.605671,22938.535
Suriname,2019,605779.0,10824.0,4259.0,198,8.383536,22966.74
Suriname,2020,612320.0,10833.0,4187.0,191,6.034256,19091.361
Suriname,2021,617905.0,10861.0,5568.0,186,5.0170417,18458.234
Suriname,2022,623172.0,10887.0,4165.0,180,5.9329777,18742.588
Sweden,2000,8872099.0,90029.0,93406.0,356,7.3249555,47868.508
Sweden,2001,8896018.0,91280.0,93822.0,399,7.8924894,48389.82
Sweden,2002,8925045.0,95429.0,95054.0,386,8.185974,49331.203
Sweden,2003,8958434.0,98751.0,92879.0,383,8.316543,50072.473
Sweden,2004,8993805.0,100487.0,90608.0,360,8.142819,51960.53
Sweden,2005,9029771.0,101129.0,91952.0,328,8.159873,53198.67
Sweden,2006,9080628.0,105017.0,91198.0,367,8.042177,55373.934
Sweden,2007,9148280.0,106653.0,91756.0,335,7.9882226,56737.367
Sweden,2008,9219903.0,108445.0,91455.0,327,8.226036,55777.4
Sweden,2009,9298738.0,110778.0,90186.0,363,8.77743,52950.71
Sweden,2010,9378234.0,114261.0,90681.0,357,8.323847,55520.434
Sweden,2011,9449263.0,111188.0,89937.0,290,10.50179,56846.137
Sweden,2012,9519477.0,112158.0,91896.0,350,10.834198,56193.33
Sweden,2013,9600620.0,112690.0,90335.0,354,10.987218,56353.086
Sweden,2014,9696438.0,113810.0,88945.0,299,11.072126,57077.668
Sweden,2015,9799483.0,114014.0,90975.0,337,10.930692,58955.64
Sweden,2016,9923281.0,115765.0,90983.0,345,10.956924,59460.29
Sweden,2017,10057864.0,114397.0,91930.0,320,10.9473095,59769.01
Sweden,2018,10175400.0,114683.0,92259.0,300,11.091327,60124.57
Sweden,2019,10279120.0,113665.0,88780.0,289,10.934443,61070.523
Sweden,2020,10353682.0,112697.0,98382.0,316,11.424587,59458.28
Sweden,2021,10416134.0,113236.0,91914.0,267,11.230136,62190.85
Sweden,2022,10487335.0,104855.0,94673.0,279,10.855057,62544.5
Switzerland,2000,7184003.0,77396.0,62717.0,453,9.134424,68834.82
Switzerland,2001,7226391.0,71686.0,61482.0,443,9.460401,69489.7
Switzerland,2002,7278744.0,71363.0,61919.0,399,9.880001,69228.37
Switzerland,2003,7333451.0,71095.0,63368.0,362,10.136968,68521.34
Switzerland,2004,7384196.0,72160.0,60443.0,387,10.225765,69812.375
Switzerland,2005,7431824.0,72245.0,61388.0,362,10.058234,71414.35
Switzerland,2006,7478514.0,72600.0,60599.0,375,9.5802,73901.62
Switzerland,2007,7545386.0,73400.0,61445.0,340,9.416938,76161.56
Switzerland,2008,7641730.0,75325.0,61488.0,344,9.531677,77103.72
Switzerland,2009,7737644.0,77128.0,62882.0,382,10.141506,74672.95
Switzerland,2010,7825750.0,79172.0,62923.0,347,9.990786,76308.805
Switzerland,2011,7914379.0,79714.0,62321.0,347,10.103931,76527.336
Switzerland,2012,7998927.0,81027.0,64352.0,347,10.335111,76570.234
Switzerland,2013,8091199.0,81688.0,65482.0,366,10.594445,77084.664
Switzerland,2014,8190238.0,84045.0,64136.0,376,10.675119,78086.68
Switzerland,2015,8283940.0,85476.0,67994.0,390,10.979831,78325.75
Switzerland,2016,8374903.0,86752.0,65191.0,340,11.202488,78956.07
Switzerland,2017,8453630.0,86532.0,67303.0,359,11.374716,79333.74
Switzerland,2018,8516341.0,86891.0,67603.0,343,11.198911,81371.89
Switzerland,2019,8577525.0,85393.0,68099.0,324,11.42589,81694.63
Switzerland,2020,8640582.0,85214.0,76428.0,363,11.989609,79270.875
Switzerland,2021,8707019.0,89352.0,71449.0,327,11.958556,83524.984
Switzerland,2022,8792180.0,81859.0,76536.0,325,11.599118,85762.28
Syria,2000,16637884.0,519171.0,72961.0,12057,4.572029,7973.9814
Syria,2001,17051337.0,524230.0,72718.0,11739,4.7145824,8075.784
Syria,2002,17468335.0,526366.0,72405.0,11423,4.9641676,8502.493
Syria,2003,17889297.0,529103.0,72122.0,11134,5.1350102,8351.465
Syria,2004,18336879.0,533907.0,72695.0,10953,4.4975314,8710.009
Syria,2005,18814092.0,542371.0,73420.0,10866,4.127133,9016.721
Syria,2006,19637016.0,555206.0,74589.0,10896,3.7962031,9074.772
Syria,2007,20884136.0,607186.0,78021.0,11574,3.7392018,9017.087
Syria,2008,21636566.0,659145.0,82545.0,12385,3.4137812,9093.13
Syria,2009,21976971.0,642799.0,83496.0,12249,3.5743122,9481.57
Syria,2010,22482417.0,644639.0,85977.0,12363,3.352863,9749.574
Syria,2011,22878104.0,643104.0,99154.0,14247,2.661626,9854.034
Syria,2012,22759763.0,630948.0,155420.0,22394,3.2206078,7296.329
Syria,2013,21666921.0,582156.0,162811.0,22927,3.7751853,5648.602
Syria,2014,20273661.0,482189.0,149078.0,19371,4.231714,5414.375
Syria,2015,19424615.0,413713.0,159728.0,17913,3.6746433,5414.839
Syria,2016,19193835.0,376564.0,140552.0,13787,3.8907351,5128.9185
Syria,2017,19224671.0,376524.0,139305.0,13398,3.912993,5083.652
Syria,2018,19577849.0,370649.0,128113.0,12598,3.9385257,5061.494
Syria,2019,20353536.0,401308.0,107550.0,9839,3.9697857,4928.029
Syria,2020,21049431.0,434463.0,106456.0,9378,3.6700912,4810.611
Syria,2021,21628837.0,457916.0,107360.0,9342,3.504033,4765.5293
Syria,2022,22462170.0,476966.0,107218.0,9942,3.384097,4579.44
Tajikistan,2000,6284737.0,182945.0,46396.0,15644,4.264924,1365.2333
Tajikistan,2001,6407376.0,187525.0,45248.0,14496,4.5780253,1467.3988
Tajikistan,2002,6531674.0,190613.0,44126.0,13535,4.4364724,1594.939
Tajikistan,2003,6658575.0,192775.0,42381.0,12637,4.7021866,1736.6404
Tajikistan,2004,6790555.0,202960.0,41761.0,12135,4.799112,1878.287
Tajikistan,2005,6924722.0,202686.0,42495.0,11432,5.210247,1965.3002
Tajikistan,2006,7057566.0,206269.0,42224.0,10874,5.032548,2063.2886
Tajikistan,2007,7194479.0,215307.0,42116.0,10585,5.540501,2181.898
Tajikistan,2008,7338402.0,224338.0,41996.0,10436,5.912067,2308.0942
Tajikistan,2009,7490232.0,235272.0,42427.0,10418,5.855798,2349.5002
Tajikistan,2010,7652144.0,244745.0,43358.0,10493,5.7354345,2449.2737
Tajikistan,2011,7824788.0,251995.0,43571.0,10426,5.859718,2572.4807
Tajikistan,2012,8014087.0,256550.0,43466.0,10353,5.9818587,2700.0955
Tajikistan,2013,8216733.0,264122.0,43433.0,10328,6.532264,2828.3855
Tajikistan,2014,8425559.0,271579.0,44277.0,10332,6.6654973,2943.0886
Tajikistan,2015,8643839.0,276548.0,45649.0,10271,6.907359,3041.4448
Tajikistan,2016,8865623.0,274310.0,45759.0,10035,6.963497,3169.9668
Tajikistan,2017,9085942.0,269396.0,45002.0,9659,6.85399,3312.712
Tajikistan,2018,9307345.0,274185.0,45588.0,9511,7.013816,3479.6924
Tajikistan,2019,9529970.0,277968.0,46143.0,9321,6.9476676,3649.8838
Tajikistan,2020,9749312.0,276503.0,57031.0,9011,8.890353,3724.749
Tajikistan,2021,9966912.0,276523.0,53672.0,8756,8.375045,3985.9126
Tajikistan,2022,10182228.0,275357.0,47022.0,8478,7.629174,4213.7563
Tanzania,2000,34260142.0,1422747.0,437581.0,177289,3.4152994,1839.9366
Tanzania,2001,35198303.0,1457122.0,430894.0,171175,4.235517,1899.7454
Tanzania,2002,36121301.0,1487161.0,423951.0,164388,4.6890764,1982.6443
Tanzania,2003,37089555.0,1533095.0,414659.0,158044,5.3423147,2059.8374
Tanzania,2004,38109666.0,1582585.0,407208.0,152556,5.7373414,2155.2415
Tanzania,2005,39182083.0,1624699.0,400515.0,147031,6.3228254,2253.0933
Tanzania,2006,40294900.0,1651022.0,393068.0,141136,7.598279,2334.1045
Tanzania,2007,41435508.0,1664390.0,386099.0,134659,6.8842797,2423.616
Tanzania,2008,42570728.0,1684906.0,381162.0,128706,5.5570474,2493.2593
Tanzania,2009,43633975.0,1708809.0,376760.0,123241,5.0630636,2560.811
Tanzania,2010,44758491.0,1734654.0,371189.0,118204,5.223922,2654.8035
Tanzania,2011,46029371.0,1754071.0,369210.0,113662,5.0559845,2779.7078
Tanzania,2012,47374261.0,1805063.0,365712.0,110643,5.0177937,2822.4854
Tanzania,2013,48824134.0,1875230.0,366215.0,108821,4.646434,2924.8633
Tanzania,2014,50351506.0,1931208.0,365628.0,107311,4.0149207,3027.569
Tanzania,2015,52020958.0,1957132.0,364226.0,104792,3.6496994,3111.4446
Tanzania,2016,53824012.0,2025496.0,365992.0,103184,3.9635034,3214.2468
Tanzania,2017,55652888.0,2093157.0,366243.0,101687,4.0232573,3318.2883
Tanzania,2018,57437134.0,2144432.0,366537.0,99645,4.3277583,3392.6887
Tanzania,2019,59174889.0,2182541.0,365896.0,97565,4.0234776,3484.6326
Tanzania,2020,60972803.0,2221661.0,360302.0,95932,3.0502868,3449.8215
Tanzania,2021,62830410.0,2262827.0,382678.0,93756,3.4696333,3493.083
Tanzania,2022,64711822.0,2306107.0,378175.0,92400,3.134975,3546.981
Thailand,2000,63007815.0,946821.0,402906.0,20452,3.1012535,11623.787
Thailand,2001,63651137.0,933472.0,409190.0,19112,3.0262377,11902.611
Thailand,2002,64266433.0,921230.0,416953.0,17842,3.334723,12513.542
Thailand,2003,64868164.0,911609.0,423562.0,16646,3.2431278,13288.748
Thailand,2004,65452049.0,904574.0,437979.0,16618,3.1389315,13998.521
Thailand,2005,66017415.0,890476.0,434061.0,14603,3.1597223,14459.825
Thailand,2006,66567685.0,879215.0,437998.0,13757,3.0997083,15052.695
Thailand,2007,67102388.0,867371.0,442024.0,12782,3.1927752,15744.365
Thailand,2008,67619835.0,846908.0,445205.0,11889,3.4593394,15893.509
Thailand,2009,68121077.0,830227.0,447643.0,11122,3.6193964,15667.6045
Thailand,2010,68579443.0,823589.0,453105.0,10557,3.390098,16732.188
Thailand,2011,69007212.0,824136.0,458493.0,10205,3.568255,16768.168
Thailand,2012,69436091.0,816412.0,464915.0,9559,3.5229404,17871.578
Thailand,2013,69845112.0,793955.0,468892.0,9000,3.4531333,18244.406
Thailand,2014,70216362.0,768882.0,474245.0,8430,3.684481,18326.605
Thailand,2015,70540787.0,747300.0,480951.0,7908,3.852286,18814.041
Thailand,2016,70859835.0,716458.0,490202.0,7370,3.939006,19372.713
Thailand,2017,71160183.0,694861.0,500216.0,6922,3.8527684,20096.861
Thailand,2018,71376081.0,670932.0,511577.0,6432,3.8704033,20882.17
Thailand,2019,71522264.0,647680.0,530847.0,6004,3.7891188,21280.15
Thailand,2020,71641484.0,629882.0,545795.0,5629,4.357247,19950.285
Thailand,2021,71727338.0,612870.0,555448.0,5278,5.154,20236.977
Thailand,2022,71735321.0,601151.0,662166.0,5246,5.3547115,20768.48
Togo,2000,4783721.0,180436.0,57726.0,20830,3.33427,2321.9504
Togo,2001,4904135.0,185465.0,59043.0,20770,3.4422195,2283.585
Togo,2002,5027128.0,190391.0,60110.0,20681,3.4450235,2312.9646
Togo,2003,5154113.0,195078.0,61225.0,20611,3.4451392,2407.5857
Togo,2004,5281320.0,199066.0,62263.0,20497,3.481319,2326.601
Togo,2005,5413151.0,206614.0,63337.0,20541,3.9824204,2164.016
Togo,2006,5569659.0,215775.0,64949.0,20782,4.309678,2158.9438
Togo,2007,5748437.0,225246.0,66936.0,21281,3.6773443,2067.2183
Togo,2008,5936140.0,233444.0,68815.0,21489,3.7407193,2082.642
Togo,2009,6130944.0,241541.0,70805.0,21628,3.9272676,2126.4414
Togo,2010,6325791.0,248550.0,72754.0,21605,4.332844,2181.5989
Togo,2011,6500577.0,250436.0,73953.0,21146,4.389271,2246.562
Togo,2012,6653719.0,249477.0,73429.0,20525,4.643665,2333.1929
Togo,2013,6798851.0,249669.0,72799.0,19835,4.7867026,2416.378
Togo,2014,6937647.0,252091.0,72418.0,19240,4.904734,2501.4326
Togo,2015,7071500.0,255269.0,72177.0,18706,6.247385,2588.2727
Togo,2016,7200883.0,259245.0,72239.0,18242,6.5855007,2648.901
Togo,2017,7324379.0,261762.0,72370.0,17722,6.5021048,2708.6113
Togo,2018,7458205.0,264249.0,72772.0,17206,6.1607366,2787.564
Togo,2019,7619916.0,265990.0,73005.0,16983,5.9126863,2862.6267
Togo,2020,7788058.0,266752.0,74279.0,16776,6.1892843,2861.2979
Togo,2021,7936185.0,267413.0,74756.0,16248,5.6165967,2952.0974
Togo,2022,8068616.0,267305.0,72260.0,15523,6.2409406,3086.4087
Tonga,2000,102695.0,3018.0,667.0,50,2.903892,5809.0093
Tonga,2001,103305.0,3033.0,670.0,50,3.425016,5860.8315
Tonga,2002,103888.0,3069.0,670.0,49,3.5895774,6085.893
Tonga,2003,104481.0,3122.0,673.0,49,3.4358308,6054.656
Tonga,2004,105088.0,3152.0,675.0,48,4.5074162,5901.2134
Tonga,2005,105684.0,3172.0,681.0,47,4.3856025,5829.117
Tonga,2006,106266.0,3137.0,678.0,45,5.4722505,5671.6406
Tonga,2007,106744.0,3099.0,679.0,44,4.7333,5507.3574
Tonga,2008,107036.0,3073.0,676.0,43,6.057597,5759.306
Tonga,2009,107219.0,3044.0,689.0,43,3.9738088,5454.5737
Tonga,2010,107415.0,3008.0,680.0,39,4.8163233,5489.4536
Tonga,2011,107584.0,2975.0,684.0,39,4.739908,5848.1934
Tonga,2012,107476.0,2931.0,680.0,38,8.137861,5908.024
Tonga,2013,107093.0,2877.0,680.0,37,4.1676884,5952.457
Tonga,2014,106627.0,2814.0,681.0,36,5.195832,6097.6504
Tonga,2015,106110.0,2741.0,678.0,34,4.7813764,6195.433
Tonga,2016,105536.0,2662.0,675.0,32,5.2259107,6639.9873
Tonga,2017,105373.0,2583.0,669.0,30,5.629528,6863.548
Tonga,2018,105590.0,2549.0,673.0,29,6.1224065,6885.985
Tonga,2019,105688.0,2520.0,680.0,29,5.745279,6859.7173
Tonga,2020,105721.0,2498.0,683.0,28,5.5591984,6981.304
Tonga,2021,105504.0,2480.0,708.0,27,7.062541,6930.065
Tonga,2022,105053.0,2453.0,684.0,27,7.9527674,6811.4824
Trinidad and Tobago,2000,1319781.0,19624.0,9035.0,543,4.234925,19637.555
Trinidad and Tobago,2001,1325573.0,19527.0,9089.0,534,4.034649,20366.754
Trinidad and Tobago,2002,1332017.0,19352.0,9038.0,524,4.723025,21876.854
Trinidad and Tobago,2003,1338718.0,19287.0,9116.0,513,4.187671,24910.822
Trinidad and Tobago,2004,1345386.0,19220.0,9077.0,503,4.308052,26757.908
Trinidad and Tobago,2005,1352040.0,19375.0,9115.0,495,4.4345117,29536.44
Trinidad and Tobago,2006,1358706.0,19552.0,9196.0,486,4.15432,33348.75
Trinidad and Tobago,2007,1365381.0,19623.0,9207.0,476,4.1536026,34793.645
Trinidad and Tobago,2008,1372090.0,19603.0,9255.0,465,3.6575706,35825.332
Trinidad and Tobago,2009,1379056.0,19612.0,9330.0,450,5.4867644,34212.27
Trinidad and Tobago,2010,1386657.0,19534.0,9328.0,435,5.080429,35145.125
Trinidad and Tobago,2011,1394990.0,19429.0,9345.0,420,4.721979,34769.76
Trinidad and Tobago,2012,1403814.0,19301.0,9446.0,406,4.6285157,36903.69
Trinidad and Tobago,2013,1412658.0,19086.0,9577.0,390,4.802247,37994.07
Trinidad and Tobago,2014,1421135.0,18886.0,9828.0,375,4.873817,39248.656
Trinidad and Tobago,2015,1429190.0,18624.0,10194.0,359,5.6525383,38963.965
Trinidad and Tobago,2016,1437031.0,18399.0,10510.0,344,6.4746585,35914.99
Trinidad and Tobago,2017,1445265.0,18053.0,10831.0,328,6.56563,34095.99
Trinidad and Tobago,2018,1470522.0,17735.0,11382.0,327,6.650894,33710.02
Trinidad and Tobago,2019,1484898.0,17949.0,11807.0,317,6.907048,33748.707
Trinidad and Tobago,2020,1481026.0,17249.0,12309.0,295,7.4767733,30720.887
Trinidad and Tobago,2021,1487715.0,16797.0,14525.0,282,7.205213,30482.121
Trinidad and Tobago,2022,1495923.0,16435.0,12304.0,271,6.6441603,30784.111
Tunisia,2000,9764940.0,161597.0,49101.0,4932,4.8127193,9134.415
Tunisia,2001,9869679.0,160157.0,50003.0,4546,4.8613276,9380.563
Tunisia,2002,9971521.0,159905.0,50799.0,4238,5.120364,9407.557
Tunisia,2003,10071638.0,163658.0,51731.0,4051,5.208885,9752.024
Tunisia,2004,10166170.0,166048.0,52714.0,3868,5.198908,10263.806
Tunisia,2005,10255474.0,169176.0,53791.0,3729,5.145558,10529.16
Tunisia,2006,10346408.0,171877.0,54933.0,3625,5.131099,10983.922
Tunisia,2007,10441705.0,175101.0,56174.0,3569,5.1754284,11613.925
Tunisia,2008,10542637.0,179305.0,57437.0,3543,5.1644063,11990.196
Tunisia,2009,10650682.0,184294.0,58820.0,3567,5.405953,12229.775
Tunisia,2010,10765984.0,193140.0,60333.0,3653,5.6095076,12458.271
Tunisia,2011,10886041.0,205664.0,62263.0,3828,6.122993,12068.714
Tunisia,2012,11009649.0,215574.0,63759.0,3911,6.2898474,12436.3955
Tunisia,2013,11141365.0,220100.0,65406.0,3939,6.51395,12587.995
Tunisia,2014,11274295.0,221627.0,66864.0,3923,6.450061,12824.003
Tunisia,2015,11402270.0,221370.0,68365.0,3828,6.2133994,12802.792
Tunisia,2016,11528676.0,218516.0,69647.0,3658,6.2477818,12803.88
Tunisia,2017,11650504.0,211670.0,70700.0,3414,6.1855745,12955.401
Tunisia,2018,11765515.0,204065.0,71620.0,3139,5.9375186,13163.195
Tunisia,2019,11875084.0,199737.0,72421.0,2878,6.0246124,13243.902
Tunisia,2020,11974058.0,189037.0,79610.0,2570,7.056126,11955.599
Tunisia,2021,12048625.0,168668.0,100571.0,2182,7.34184,12444.326
Tunisia,2022,12119338.0,171170.0,74640.0,2007,7.512707,12712.224
Turkey,2000,65425957.0,1401449.0,380910.0,52535,4.599572,14856.915
Turkey,2001,66245125.0,1364156.0,383597.0,47698,4.8878493,13872.129
Turkey,2002,67048792.0,1309563.0,386586.0,42840,5.0622787,14587.895
Turkey,2003,67831735.0,1285362.0,391651.0,39080,5.014277,15255.718
Turkey,2004,68592621.0,1293430.0,397419.0,36273,4.9096446,16583.883
Turkey,2005,69329557.0,1302959.0,404340.0,33701,4.893897,17902.596
Turkey,2006,70045351.0,1308853.0,411510.0,31311,5.145917,18972.01
Turkey,2007,70750593.0,1307517.0,417793.0,28991,5.237608,19909.084
Turkey,2008,71562343.0,1299747.0,427468.0,26823,5.2176175,19839.584
Turkey,2009,72464846.0,1293077.0,432527.0,24908,5.494387,18612.193
Turkey,2010,73346766.0,1261173.0,437694.0,22791,5.0205345,19897.447
Turkey,2011,74215203.0,1249292.0,460289.0,21282,4.653051,21760.43
Turkey,2012,75197196.0,1292422.0,444914.0,20427,4.4444466,22517.715
Turkey,2013,76403032.0,1302576.0,435651.0,19419,4.3709993,24117.312
Turkey,2014,78036154.0,1369294.0,441958.0,19123,4.3251786,24888.852
Turkey,2015,80014222.0,1389210.0,456925.0,18513,4.1169043,25984.803
Turkey,2016,81652087.0,1400744.0,472503.0,17795,4.2846923,26489.645
Turkey,2017,83083667.0,1392487.0,469484.0,16903,4.17975,28194.688
Turkey,2018,84415966.0,1362283.0,468096.0,15881,4.121016,28780.303
Turkey,2019,85357670.0,1288466.0,471136.0,14520,4.3595433,28741.053
Turkey,2020,86091691.0,1194951.0,566481.0,12953,4.616402,28976.719
Turkey,2021,86686254.0,1142982.0,640535.0,11777,4.5606556,32105.547
Turkey,2022,87058469.0,1079023.0,555768.0,10600,3.703389,33520.812
Turkmenistan,2000,4582675.0,108686.0,31815.0,7483,4.0308003,5064.2876
Turkmenistan,2001,4675416.0,108504.0,31822.0,7132,4.766053,5179.4644
Turkmenistan,2002,4769473.0,107705.0,32067.0,6752,4.106967,5090.381
Turkmenistan,2003,4863871.0,109170.0,32429.0,6458,4.978492,5154.751
Turkmenistan,2004,4958091.0,112847.0,33000.0,6250,6.186523,5309.6455
Turkmenistan,2005,5052260.0,117536.0,33571.0,6099,5.588868,5889.8467
Turkmenistan,2006,5147103.0,121798.0,33962.0,5967,4.920757,6415.713
Turkmenistan,2007,5244047.0,126056.0,34024.0,5876,3.0932863,6993.5293
Turkmenistan,2008,5345033.0,130646.0,33831.0,5849,3.4538045,7870.0273
Turkmenistan,2009,5451597.0,136588.0,33658.0,5921,2.8147128,8186.8784
Turkmenistan,2010,5564356.0,143076.0,33758.0,6057,3.2087944,8758.896
Turkmenistan,2011,5683413.0,149461.0,34267.0,6231,3.22296,9837.563
Turkmenistan,2012,5808548.0,156113.0,35158.0,6449,3.3420355,10689.354
Turkmenistan,2013,5939348.0,162445.0,36229.0,6688,3.9692926,11516.374
Turkmenistan,2014,6075286.0,166864.0,37184.0,6895,4.2574167,12423.925
Turkmenistan,2015,6215773.0,170720.0,38057.0,7097,5.016529,12926.664
Turkmenistan,2016,6360041.0,171349.0,38760.0,7200,5.587185,13420.385
Turkmenistan,2017,6507065.0,170953.0,39534.0,7250,5.823612,13963.404
Turkmenistan,2018,6655523.0,169731.0,40192.0,7233,5.5529804,14499.168
Turkmenistan,2019,6803943.0,169003.0,40726.0,7180,5.5522337,15080.903
Turkmenistan,2020,6949915.0,167630.0,43617.0,7051,5.572261,15630.914
Turkmenistan,2021,7092042.0,165586.0,42862.0,6859,5.4919662,16259.87
Turkmenistan,2022,7230197.0,163656.0,41841.0,6642,5.3710375,16943.605
Tuvalu,2000,9566.0,254.0,87.0,11,22.281742,3893.2969
Tuvalu,2001,9608.0,245.0,86.0,10,17.965483,3903.2031
Tuvalu,2002,9645.0,235.0,86.0,10,11.836918,4211.59
Tuvalu,2003,9715.0,229.0,86.0,9,13.703371,3998.436
Tuvalu,2004,9839.0,227.0,84.0,9,9.331497,3874.5828
Tuvalu,2005,9964.0,226.0,82.0,8,10.066943,3682.8918
Tuvalu,2006,10078.0,226.0,84.0,8,12.175544,3687.7712
Tuvalu,2007,10204.0,223.0,84.0,7,10.45885,3893.6426
Tuvalu,2008,10344.0,224.0,87.0,7,10.339772,4093.9248
Tuvalu,2009,10479.0,229.0,91.0,7,13.011382,3812.1394
Tuvalu,2010,10635.0,235.0,96.0,7,16.213526,3664.4504
Tuvalu,2011,10804.0,243.0,107.0,7,14.743904,3879.349
Tuvalu,2012,10960.0,250.0,112.0,7,13.873743,3715.6006
Tuvalu,2013,11028.0,251.0,114.0,7,13.803921,3833.4895
Tuvalu,2014,11007.0,252.0,113.0,7,14.527622,3903.4346
Tuvalu,2015,10985.0,256.0,107.0,6,13.441886,4277.715
Tuvalu,2016,10951.0,260.0,106.0,6,18.325392,4495.5723
Tuvalu,2017,10892.0,264.0,106.0,6,24.457632,4668.544
Tuvalu,2018,10775.0,268.0,107.0,6,18.421999,4785.233
Tuvalu,2019,10603.0,263.0,104.0,6,22.22294,5515.8994
Tuvalu,2020,10423.0,256.0,105.0,6,17.887154,5442.3633
Tuvalu,2021,10214.0,248.0,101.0,5,18.574112,5551.8086
Tuvalu,2022,10012.0,241.0,90.0,4,21.28792,5044.54
Uganda,2000,24000158.0,1157941.0,354860.0,161229,5.0827775,1487.005
Uganda,2001,24745678.0,1185690.0,348931.0,157291,5.052084,1516.9642
Uganda,2002,25532872.0,1211424.0,342689.0,152054,4.771369,1598.5829
Uganda,2003,26352124.0,1237537.0,336185.0,147344,4.299158,1649.1483
Uganda,2004,27154513.0,1262893.0,324265.0,140677,4.700222,1709.3616
Uganda,2005,27963287.0,1281635.0,312558.0,133937,5.805163,1765.0378
Uganda,2006,28794005.0,1301032.0,301064.0,127141,6.463305,1898.9791
Uganda,2007,29653437.0,1320278.0,290384.0,120604,6.11309,1999.0625
Uganda,2008,30539547.0,1337132.0,281217.0,114260,5.4547496,2110.1006
Uganda,2009,31451147.0,1364387.0,273764.0,108819,5.7884555,2188.299
Uganda,2010,32390801.0,1389208.0,267647.0,103810,6.8089023,2244.606
Uganda,2011,33354541.0,1408226.0,260973.0,98668,6.6959095,2384.4653
Uganda,2012,34337436.0,1422236.0,254759.0,93687,6.1085396,2405.0945
Uganda,2013,35337050.0,1432962.0,248714.0,88939,5.782524,2420.8882
Uganda,2014,36395542.0,1445397.0,243805.0,84664,5.3365307,2470.504
Uganda,2015,37531444.0,1464001.0,239151.0,80742,4.9964314,2520.02
Uganda,2016,38799153.0,1485180.0,235624.0,77272,5.015533,2554.2278
Uganda,2017,40177384.0,1524479.0,233814.0,74567,3.9985204,2543.8477
Uganda,2018,41565839.0,1565908.0,233303.0,72654,4.021534,2613.88
Uganda,2019,42999636.0,1600115.0,233041.0,70929,3.7934136,2689.4102
Uganda,2020,44457148.0,1636139.0,238845.0,69911,5.238655,2678.009
Uganda,2021,45910931.0,1668475.0,245140.0,69001,5.473749,2684.9204
Uganda,2022,47312718.0,1693817.0,238199.0,69104,4.4507113,2724.906
Ukraine,2000,49556654.0,387659.0,751826.0,6309,5.306852,10364.0625
Ukraine,2001,49106854.0,381999.0,756747.0,5878,5.725344,11379.386
Ukraine,2002,48677280.0,394917.0,759475.0,5539,5.9922004,12092.789
Ukraine,2003,48315133.0,412908.0,764185.0,5348,6.545741,13342.88
Ukraine,2004,47979502.0,429844.0,774003.0,5387,6.1685696,15021.066
Ukraine,2005,47585558.0,433964.0,771847.0,5432,6.3461585,15610.573
Ukraine,2006,47278691.0,462724.0,763523.0,5897,6.4171896,16901.508
Ukraine,2007,47062802.0,480123.0,762790.0,6087,6.017768,18374.014
Ukraine,2008,46819168.0,515646.0,744766.0,6232,5.4975443,18883.986
Ukraine,2009,46623731.0,522252.0,720131.0,5921,6.609917,16092.796
Ukraine,2010,46455997.0,507052.0,687455.0,5550,6.813876,16811.795
Ukraine,2011,46307854.0,511877.0,670263.0,5429,6.8166986,17783.957
Ukraine,2012,46210051.0,527665.0,658105.0,5281,7.1178923,17848.74
Ukraine,2013,46126760.0,515323.0,644999.0,4891,6.94358,17889.092
Ukraine,2014,45972379.0,488795.0,629003.0,4597,7.1950617,16978.812
Ukraine,2015,45784904.0,448778.0,595886.0,4135,7.7835283,15403.71
Ukraine,2016,45616831.0,438564.0,574250.0,3921,7.552054,15856.8125
Ukraine,2017,45436037.0,398895.0,557290.0,3576,7.4461036,16310.36
Ukraine,2018,45208903.0,367319.0,594815.0,3105,7.5205135,16978.984
Ukraine,2019,44957451.0,351719.0,587988.0,2793,7.0938935,17636.555
Ukraine,2020,44680008.0,337567.0,645107.0,2479,7.5621705,17092.54
Ukraine,2021,44298642.0,309089.0,759003.0,2290,8.202748,17846.408
United Arab Emirates,2000,3493583.0,56993.0,7003.0,632,2.3950446,95390.836
United Arab Emirates,2001,3723596.0,59497.0,6711.0,640,2.484364,90750.33
United Arab Emirates,2002,3956829.0,62434.0,6512.0,646,2.7177086,87479.16
United Arab Emirates,2003,4192465.0,65598.0,6476.0,657,2.646344,89828.49
United Arab Emirates,2004,4428964.0,66945.0,6602.0,652,2.4622564,93166.16
United Arab Emirates,2005,4664797.0,66905.0,6865.0,638,2.3202107,92750.92
United Arab Emirates,2006,5009106.0,61574.0,7234.0,589,2.3254137,94872.516
United Arab Emirates,2007,5624640.0,62588.0,7541.0,589,2.566027,87180.6
United Arab Emirates,2008,6302669.0,63022.0,7597.0,593,2.9285762,80285.164
United Arab Emirates,2009,6707063.0,74333.0,7815.0,659,4.0500016,71488.97
United Arab Emirates,2010,6938372.0,78052.0,7451.0,673,3.7443314,70913.76
United Arab Emirates,2011,7199436.0,81872.0,7398.0,682,3.566664,73190.41
United Arab Emirates,2012,7497122.0,87548.0,7752.0,705,3.3359637,73644.055
United Arab Emirates,2013,7831851.0,92561.0,8089.0,724,3.5022218,74237.2
United Arab Emirates,2014,8236880.0,94485.0,8348.0,725,3.534055,74145.12
United Arab Emirates,2015,8674633.0,95591.0,8858.0,723,3.4660935,75238.555
United Arab Emirates,2016,9030873.0,97054.0,9095.0,721,3.895801,75671.04
United Arab Emirates,2017,9234330.0,98443.0,8961.0,715,4.0085497,72529.04
United Arab Emirates,2018,9346870.0,95790.0,8950.0,684,4.098542,72671.08
United Arab Emirates,2019,9377855.0,94664.0,8974.0,659,4.4029126,72822.945
United Arab Emirates,2020,9448529.0,98881.0,10564.0,654,5.8247705,66808.62
United Arab Emirates,2021,9789055.0,90831.0,12320.0,604,5.304943,68580.13
United Arab Emirates,2022,10242085.0,95204.0,12082.0,610,4.565364,70075.64
United Kingdom,2000,59057333.0,684572.0,616829.0,4460,7.145591,43818.348
United Kingdom,2001,59288095.0,675043.0,610331.0,4339,7.432769,44693.66
United Kingdom,2002,59540764.0,676877.0,614959.0,4192,7.859468,45265.457
United Kingdom,2003,59820385.0,701719.0,619824.0,4434,8.052146,46505.28
United Kingdom,2004,60169964.0,721166.0,591818.0,4277,8.32219,47317.027
United Kingdom,2005,60596107.0,729201.0,590615.0,4302,8.3810835,48304.676
United Kingdom,2006,61051093.0,754428.0,580228.0,4448,8.539708,49000.953
United Kingdom,2007,61535859.0,778605.0,581587.0,4457,8.760353,50045.918
United Kingdom,2008,62027303.0,799621.0,586510.0,4420,9.032957,49629.05
United Kingdom,2009,62506222.0,797810.0,566114.0,4289,9.83944,46995.547
United Kingdom,2010,63006482.0,812048.0,567677.0,4141,9.787995,47682.652
United Kingdom,2011,63509285.0,814718.0,557071.0,4098,9.796826,47714.29
United Kingdom,2012,63960488.0,817336.0,573444.0,3897,9.893322,48099.66
United Kingdom,2013,64389386.0,785366.0,580798.0,3593,9.990871,48600.51
United Kingdom,2014,64865914.0,779584.0,574470.0,3517,9.976862,49763.176
United Kingdom,2015,65382107.0,779219.0,605880.0,3532,9.940449,50462.832
United Kingdom,2016,65893359.0,776038.0,599383.0,3493,9.870857,51168.293
United Kingdom,2017,66354473.0,757154.0,608563.0,3389,9.704689,52429.13
United Kingdom,2018,66752473.0,733085.0,617715.0,3218,9.794966,52983.04
United Kingdom,2019,67110958.0,714388.0,605256.0,3218,9.979541,53374.094
United Kingdom,2020,67351860.0,687269.0,691536.0,2917,12.103881,47930.55
United Kingdom,2021,67668788.0,693027.0,662083.0,3122,12.083473,51840.44
United Kingdom,2022,68179315.0,688630.0,648523.0,3140,11.096798,53979.77
United States,2000,281484126.0,3956650.0,2423914.0,33289,12.490021,55045.676
United States,2001,284279634.0,3930346.0,2432923.0,32249,13.168171,55024.355
United States,2002,287084335.0,3924849.0,2461854.0,32416,13.995353,55443.22
United States,2003,289908091.0,3983291.0,2466663.0,32787,14.505575,56505.445
United States,2004,292786248.0,4014648.0,2419815.0,32601,14.551231,58139.082
United States,2005,295716666.0,4055468.0,2472159.0,33281,14.579462,59612.39
United States,2006,298730208.0,4179497.0,2452681.0,33772,14.708788,60684.34
United States,2007,301844223.0,4232701.0,2450591.0,34418,14.918325,61314.453
United States,2008,304970325.0,4184010.0,2502103.0,33140,15.207236,60806.223
United States,2009,308023452.0,4089073.0,2468889.0,31345,16.200676,58722.496
United States,2010,311062785.0,3978953.0,2502227.0,29150,16.197224,59797.074
United States,2011,314105075.0,3942528.0,2553168.0,28187,16.140005,60253.203
United States,2012,317115349.0,3942569.0,2567419.0,27887,16.119755,61142.363
United States,2013,320110752.0,3930896.0,2611127.0,27382,15.9522705,61966.664
United States,2014,323115377.0,3984348.0,2631369.0,27035,16.141584,63026.88
United States,2015,326126496.0,3982193.0,2707668.0,27358,16.401554,64367.72
United States,2016,329179423.0,3952809.0,2732734.0,27141,16.69204,65025.984
United States,2017,332204657.0,3872480.0,2795952.0,26085,16.638275,66164.03
United States,2018,335056492.0,3816077.0,2818624.0,25144,16.513126,67728.445
United States,2019,337790069.0,3772693.0,2842471.0,24611,16.54486,69121.46
United States,2020,339436156.0,3641990.0,3384292.0,22849,18.515974,67406.83
United States,2021,340161438.0,3681202.0,3492879.0,24182,17.352077,71441.234
United States,2022,341534041.0,3750379.0,3187300.0,23713,16.528751,72828.74
Uruguay,2000,3266212.0,52104.0,31044.0,867,9.171824,18752.05
Uruguay,2001,3274257.0,51388.0,30660.0,833,9.75702,17986.895
Uruguay,2002,3278868.0,51296.0,31229.0,869,9.64023,16572.781
Uruguay,2003,3281188.0,50121.0,31490.0,835,9.5766735,16694.432
Uruguay,2004,3283157.0,49503.0,31436.0,800,8.266182,17519.373
Uruguay,2005,3285776.0,49602.0,30674.0,682,7.723905,18811.312
Uruguay,2006,3289508.0,48781.0,30997.0,637,7.709989,19560.074
Uruguay,2007,3295155.0,48151.0,30727.0,592,7.4616723,20803.885
Uruguay,2008,3302184.0,47714.0,30873.0,562,8.090817,22249.375
Uruguay,2009,3310093.0,47428.0,30484.0,494,7.916114,23138.074
Uruguay,2010,3318581.0,47277.0,31046.0,472,7.877573,24879.826
Uruguay,2011,3326829.0,46748.0,31812.0,478,7.9152136,26099.312
Uruguay,2012,3335406.0,47390.0,31868.0,503,8.033308,26953.271
Uruguay,2013,3345335.0,47959.0,31637.0,484,8.084484,28119.473
Uruguay,2014,3356343.0,47778.0,31535.0,453,8.038908,28935.086
Uruguay,2015,3368022.0,48169.0,31977.0,434,8.257037,28941.62
Uruguay,2016,3379279.0,46383.0,32377.0,399,8.638525,29332.557
Uruguay,2017,3388444.0,43058.0,32150.0,330,8.717022,29762.422
Uruguay,2018,3394538.0,39673.0,32347.0,326,8.900111,29757.928
Uruguay,2019,3397206.0,37009.0,33137.0,307,9.240695,30010.562
Uruguay,2020,3398966.0,35383.0,31336.0,242,9.0877495,27788.176
Uruguay,2021,3396693.0,34209.0,39836.0,249,8.919555,29431.873
Uruguay,2022,3390913.0,33767.0,36731.0,262,8.89016,30840.07
Uzbekistan,2000,24787052.0,538800.0,173654.0,33551,5.1329336,3430.8838
Uzbekistan,2001,25090289.0,529342.0,172838.0,31224,5.2373743,3530.5496
Uzbekistan,2002,25399987.0,530875.0,171661.0,29397,5.1416492,3626.078
Uzbekistan,2003,25711261.0,526166.0,171048.0,27468,5.1882515,3733.798
Uzbekistan,2004,26029350.0,536325.0,172327.0,25990,4.8406377,3962.9011
Uzbekistan,2005,26356977.0,537796.0,174330.0,24340,4.781991,4185.6396
Uzbekistan,2006,26699046.0,558517.0,175265.0,23210,4.7514133,4439.9067
Uzbekistan,2007,27076013.0,601991.0,175103.0,22773,4.54268,4792.829
Uzbekistan,2008,27494780.0,636649.0,174980.0,22160,4.7044744,5145.9917
Uzbekistan,2009,27939333.0,646638.0,174800.0,20897,4.7964964,5471.8203
Uzbekistan,2010,28385509.0,637218.0,175950.0,19147,5.2993884,5794.9805
Uzbekistan,2011,28823194.0,632051.0,177198.0,17524,5.262455,6170.8413
Uzbekistan,2012,29261908.0,642549.0,179223.0,16313,5.548221,6525.497
Uzbekistan,2013,29724065.0,683338.0,181572.0,15756,5.718966,6932.9336
Uzbekistan,2014,30222994.0,720690.0,183839.0,15261,4.430924,7344.443
Uzbekistan,2015,30749349.0,737436.0,184662.0,14541,4.7359657,7792.236
Uzbekistan,2016,31284565.0,735600.0,186559.0,13638,4.715045,8172.922
Uzbekistan,2017,31819172.0,738081.0,189718.0,12871,4.3088856,8413.3
Uzbekistan,2018,32373489.0,777185.0,192064.0,12633,4.5526156,8742.549
Uzbekistan,2019,32964700.0,814964.0,196816.0,12465,4.83521,9169.012
Uzbekistan,2020,33586373.0,860945.0,217204.0,12564,6.0859776,9145.231
Uzbekistan,2021,34243696.0,905756.0,216427.0,12601,6.927426,9705.601
Uzbekistan,2022,34938953.0,926734.0,211323.0,12250,6.6170382,10091.388
Vanuatu,2000,186290.0,6019.0,991.0,173,3.3068326,3805.6223
Vanuatu,2001,191047.0,6166.0,1022.0,175,3.3872833,3584.9111
Vanuatu,2002,195871.0,6230.0,1050.0,174,3.9043775,3314.7126
Vanuatu,2003,200760.0,6334.0,1075.0,174,3.5069194,3372.773
Vanuatu,2004,205720.0,6461.0,1112.0,176,3.5399153,3422.6082
Vanuatu,2005,210772.0,6583.0,1126.0,175,3.304904,3517.8462
Vanuatu,2006,215939.0,6774.0,1168.0,177,3.3222933,3724.2473
Vanuatu,2007,221291.0,7048.0,1206.0,179,3.107868,3738.6665
Vanuatu,2008,226908.0,7373.0,1230.0,182,3.1388338,3850.279
Vanuatu,2009,232740.0,7628.0,1265.0,183,3.2518141,3867.758
Vanuatu,2010,238256.0,7850.0,1300.0,183,3.5263708,3825.7566
Vanuatu,2011,243483.0,8057.0,1342.0,182,3.597707,3861.1821
Vanuatu,2012,248894.0,8256.0,1376.0,182,3.9363146,3815.419
Vanuatu,2013,254495.0,8458.0,1423.0,182,4.3924007,3748.7651
Vanuatu,2014,260247.0,8610.0,1468.0,186,3.6401885,3779.6494
Vanuatu,2015,266115.0,8725.0,1504.0,185,4.158313,3825.8123
Vanuatu,2016,272097.0,8844.0,1527.0,181,2.9890406,3877.0835
Vanuatu,2017,278518.0,8935.0,1566.0,181,2.8811805,3947.6782
Vanuatu,2018,285273.0,8965.0,1581.0,179,3.44049,3951.1846
Vanuatu,2019,291995.0,8969.0,1604.0,174,3.4961543,3986.6562
Vanuatu,2020,298867.0,8948.0,1715.0,172,4.1212897,3671.9739
Vanuatu,2021,305882.0,8972.0,1776.0,165,4.588281,3546.0803
Vanuatu,2022,313061.0,8976.0,1619.0,162,4.058953,3658.5188
Vietnam,2000,77154016.0,1390170.0,423240.0,42533,4.1075273,4349.2236
Vietnam,2001,77969357.0,1413038.0,427394.0,40916,4.801075,4570.2686
Vietnam,2002,78772227.0,1425422.0,433986.0,39407,3.8707585,4809.6216
Vietnam,2003,79563778.0,1444171.0,442653.0,38351,3.942299,5090.29
Vietnam,2004,80338977.0,1445763.0,460364.0,37466,4.0879197,5421.097
Vietnam,2005,81088309.0,1408413.0,466347.0,35952,4.3182125,5776.3633
Vietnam,2006,82167901.0,1417335.0,474296.0,35326,4.5697985,6098.245
Vietnam,2007,83633374.0,1466698.0,484949.0,35531,4.629176,6418.544
Vietnam,2008,85175789.0,1504570.0,496397.0,35832,4.3602834,6659.1357
Vietnam,2009,86460023.0,1515454.0,507731.0,35754,4.485029,6914.339
Vietnam,2010,87455148.0,1522480.0,516929.0,35407,5.0714607,7274.733
Vietnam,2011,88468315.0,1555971.0,526143.0,35538,4.974685,7652.619
Vietnam,2012,89510355.0,1601508.0,537797.0,35938,5.0017824,7979.868
Vietnam,2013,90573103.0,1620204.0,548595.0,36062,4.4123316,8324.198
Vietnam,2014,91679582.0,1711735.0,560519.0,37140,4.690788,8751.883
Vietnam,2015,92823254.0,1717064.0,571140.0,37228,4.711409,9248.024
Vietnam,2016,94000115.0,1627396.0,582354.0,35853,4.8699474,9743.188
Vietnam,2017,95176978.0,1595530.0,593746.0,35291,4.9901476,10290.549
Vietnam,2018,96237319.0,1485701.0,602702.0,33186,5.026788,10936.894
Vietnam,2019,97173778.0,1507477.0,612164.0,32557,4.974075,11628.614
Vietnam,2020,98079196.0,1494146.0,570111.0,31779,4.332198,11851.396
Vietnam,2021,98935101.0,1457843.0,658187.0,30614,4.5379243,12048.902
Vietnam,2022,99680656.0,1422615.0,646764.0,29542,4.538096,12979.764
World,2000,6171702992.0,135758480.0,52240370.0,10180099,5.440952,12780.638
World,2001,6254936464.0,135380000.0,52431244.0,9867352,5.710701,12915.056
World,2002,6337730343.0,135396480.0,52757536.0,9547369,5.694608,13104.347
World,2003,6420361633.0,135700800.0,53077070.0,9200461,5.7322364,13410.598
World,2004,6503377774.0,136596320.0,53187800.0,8935874,5.8406563,13921.34
World,2005,6586970132.0,137166460.0,53390436.0,8604697,5.9045296,14377.205
World,2006,6671452019.0,138469300.0,53281776.0,8293881,6.2483606,14934.693
World,2007,6757308776.0,139935790.0,53410050.0,8024188,5.9012628,15519.537
World,2008,6844457659.0,141758720.0,53987020.0,7821353,6.064593,15756.197
World,2009,6932766416.0,142968320.0,54122624.0,7624571,6.4407034,15456.593
World,2010,7021732143.0,143354240.0,54268588.0,7350838,6.251047,16050.853
World,2011,7110923773.0,143878780.0,54581440.0,7213025,6.207803,16478.65
World,2012,7201202478.0,146054880.0,54794788.0,6899499,6.169136,16785.055
World,2013,7291793585.0,145014780.0,55092620.0,6659059,6.250813,17121.723
World,2014,7381616239.0,145268260.0,55545320.0,6485996,6.313419,17502.781
World,2015,7470491876.0,144333950.0,56305970.0,6297864,6.431397,17870.98
World,2016,7558554527.0,144854100.0,56756910.0,6105446,6.4867334,18234.02
World,2017,7645617952.0,143601810.0,57572256.0,5920171,6.486957,18714.574
World,2018,7729902779.0,140332740.0,57792804.0,5649249,6.365349,19189.492
World,2019,7811293699.0,138596780.0,58354932.0,5466807,6.5054693,19551.086
World,2020,7887001289.0,134719620.0,63546316.0,5240419,7.1308312,18812.492
World,2021,7954448387.0,133448840.0,69728100.0,5106789,7.180353,19875.566
World,2022,8021407196.0,132475390.0,62278628.0,5054944,6.8739033,20421.734
Zambia,2000,10017633.0,455450.0,162271.0,67181,4.1202908,2220.5654
Zambia,2001,10325186.0,462304.0,159613.0,64731,4.7785363,2268.9697
Zambia,2002,10647955.0,472047.0,156005.0,61862,5.888452,2299.333
Zambia,2003,10983604.0,482672.0,151484.0,58833,5.995536,2383.8762
Zambia,2004,11338201.0,497982.0,148634.0,56148,5.465875,2471.7207
Zambia,2005,11718819.0,513724.0,144969.0,53538,6.330887,2564.4756
Zambia,2006,12129560.0,529835.0,141948.0,51560,5.577423,2673.4614
Zambia,2007,12565093.0,542530.0,138813.0,49552,4.559941,2796.353
Zambia,2008,13021327.0,555123.0,135566.0,47926,4.4937077,2908.1436
Zambia,2009,13490395.0,567055.0,132596.0,46561,5.225685,3065.8442
Zambia,2010,13965592.0,578071.0,129745.0,45349,4.1342688,3266.5076
Zambia,2011,14437796.0,587057.0,127306.0,44399,3.9591336,3335.6433
Zambia,2012,14913631.0,594512.0,125114.0,43512,4.0454173,3474.5525
Zambia,2013,15399000.0,600296.0,123460.0,42606,4.5739045,3535.2246
Zambia,2014,15895320.0,605841.0,122170.0,41663,3.8292422,3585.5774
Zambia,2015,16399092.0,612410.0,121382.0,41135,4.429743,3576.9255
Zambia,2016,16914428.0,619352.0,121829.0,40450,4.4692316,3598.1716
Zambia,2017,17441328.0,626801.0,122172.0,39877,4.7815623,3612.5059
Zambia,2018,17973574.0,637415.0,121766.0,39478,4.769967,3646.9597
Zambia,2019,18513839.0,648090.0,120010.0,38922,6.7533026,3591.5642
Zambia,2020,19059394.0,655797.0,119312.0,38321,6.306744,3391.5955
Zambia,2021,19603610.0,665154.0,129520.0,37730,6.639514,3503.035
Zambia,2022,20152935.0,675973.0,112513.0,36581,5.2104297,3585.1238
Zimbabwe,2010,13356551.0,505804.0,170234.0,40389,10.475753,3885.4106
Zimbabwe,2011,13595421.0,518550.0,158990.0,39027,8.081707,4358.945
Zimbabwe,2012,13817887.0,522389.0,151253.0,37133,6.9183874,5003.509
Zimbabwe,2013,14013811.0,518165.0,143406.0,34980,7.110222,5031.7095
Zimbabwe,2014,14207367.0,503038.0,136688.0,32501,8.1335125,5081.1343
Zimbabwe,2015,14399008.0,488386.0,132188.0,30095,7.4520407,5102.7363
Zimbabwe,2016,14600297.0,477484.0,128714.0,28013,7.2584558,5070.4243
Zimbabwe,2017,14812484.0,471228.0,127191.0,26491,6.174489,5234.4067
Zimbabwe,2018,15034457.0,470991.0,125092.0,25211,4.67328,5415.493
Zimbabwe,2019,15271377.0,475267.0,126468.0,24647,3.2326815,4993.865
Zimbabwe,2020,15526887.0,481152.0,126365.0,23828,2.954401,4527.7393
Zimbabwe,2021,15797220.0,488642.0,138738.0,23391,2.6711187,4827.1094
Zimbabwe,2022,16069061.0,496240.0,124995.0,23249,3.395195,5036.783
